path,manual_transcript
/home/v2129375/dataset/aishell1/data_aishell/wav/train/S0062/BAC009S0062W0234.wav,属于非营利事业法人
/home/v2129375/dataset/aishell1/data_aishell/wav/train/S0354/BAC009S0354W0137.wav,转向多业态多上市平台的控股集团
/home/v2129375/dataset/aishell1/data_aishell/wav/train/S0109/BAC009S0109W0493.wav,鞠躬尽瘁但求无愧于心的人生格言
/home/v2129375/dataset/aishell1/data_aishell/wav/train/S0127/BAC009S0127W0442.wav,中企收购法足球俱乐部法媒中国想搞足球大跃进
/home/v2129375/dataset/aishell1/data_aishell/wav/train/S0156/BAC009S0156W0329.wav,多位接受采访的市场分析人士告诉记者
/home/v2129375/dataset/aishell1/data_aishell/wav/train/S0067/BAC009S0067W0490.wav,煎饼侠的鹏友圈
/home/v2129375/dataset/aishell1/data_aishell/wav/train/S0206/BAC009S0206W0265.wav,除了放置待销售的库存产品外
/home/v2129375/dataset/aishell1/data_aishell/wav/train/S0224/BAC009S0224W0375.wav,等待的是终结对手的那一刻
/home/v2129375/dataset/aishell1/data_aishell/wav/train/S0353/BAC009S0353W0437.wav,一家七口吃蘑菇中毒
/home/v2129375/dataset/aishell1/data_aishell/wav/train/S0236/BAC009S0236W0371.wav,但是比赛实力还是有欠缺
/home/v2129375/dataset/aishell1/data_aishell/wav/train/S0072/BAC009S0072W0232.wav,这是中国对外劳务合作领域的首部专门法规
/home/v2129375/dataset/aishell1/data_aishell/wav/train/S0127/BAC009S0127W0193.wav,令低碳产业成为上海新一轮发展的增长点
/home/v2129375/dataset/aishell1/data_aishell/wav/train/S0054/BAC009S0054W0424.wav,古仔决定明年开拍
/home/v2129375/dataset/aishell1/data_aishell/wav/train/S0090/BAC009S0090W0358.wav,如冠军成绩未达到以上标准
/home/v2129375/dataset/aishell1/data_aishell/wav/train/S0119/BAC009S0119W0492.wav,杭州警方依法对通过网络散布谣言人员米某某男
/home/v2129375/dataset/aishell1/data_aishell/wav/train/S0344/BAC009S0344W0181.wav,万科全面发力大北京战略的标志性大盘
/home/v2129375/dataset/aishell1/data_aishell/wav/train/S0205/BAC009S0205W0331.wav,动作恰恰不是机器人的主要功能
/home/v2129375/dataset/aishell1/data_aishell/wav/train/S0347/BAC009S0347W0372.wav,孙杨让队伍的成绩最终定格在三分二十秒三六
/home/v2129375/dataset/aishell1/data_aishell/wav/train/S0347/BAC009S0347W0444.wav,最终工作人员赶到按下紧急按钮电梯才停下来
/home/v2129375/dataset/aishell1/data_aishell/wav/train/S0083/BAC009S0083W0192.wav,同时港交所也将增加资金投入
/home/v2129375/dataset/aishell1/data_aishell/wav/train/S0136/BAC009S0136W0420.wav,还表示女儿已答应开学前会搬回家住
/home/v2129375/dataset/aishell1/data_aishell/wav/train/S0146/BAC009S0146W0489.wav,预售十月一日国庆假期当天的车票
/home/v2129375/dataset/aishell1/data_aishell/wav/train/S0664/BAC009S0664W0493.wav,二名城管及驾驶奔驰车的馀某在事件中受伤
/home/v2129375/dataset/aishell1/data_aishell/wav/train/S0522/BAC009S0522W0208.wav,在产品设计上不用花太多成本
/home/v2129375/dataset/aishell1/data_aishell/wav/train/S0109/BAC009S0109W0219.wav,以降低决策的随意性
/home/v2129375/dataset/aishell1/data_aishell/wav/train/S0019/BAC009S0019W0297.wav,在一些市场研究机构眼中
/home/v2129375/dataset/aishell1/data_aishell/wav/train/S0513/BAC009S0513W0133.wav,这对智能门锁而言尤其可怕
/home/v2129375/dataset/aishell1/data_aishell/wav/train/S0343/BAC009S0343W0217.wav,申请重新上市的公司
/home/v2129375/dataset/aishell1/data_aishell/wav/train/S0666/BAC009S0666W0199.wav,与正规的金融形成一种竞争
/home/v2129375/dataset/aishell1/data_aishell/wav/train/S0520/BAC009S0520W0333.wav,庞大集团将专门注册一家销售公司
/home/v2129375/dataset/aishell1/data_aishell/wav/train/S0090/BAC009S0090W0193.wav,或者不愿意进行调整
/home/v2129375/dataset/aishell1/data_aishell/wav/train/S0157/BAC009S0157W0201.wav,保护投资者合法权益
/home/v2129375/dataset/aishell1/data_aishell/wav/train/S0136/BAC009S0136W0161.wav,上涨的城市有四十三个
/home/v2129375/dataset/aishell1/data_aishell/wav/train/S0232/BAC009S0232W0341.wav,涌现出诸如方阵表演手语传情等形式
/home/v2129375/dataset/aishell1/data_aishell/wav/train/S0344/BAC009S0344W0406.wav,有望冲击最佳男主角奖
/home/v2129375/dataset/aishell1/data_aishell/wav/train/S0243/BAC009S0243W0455.wav,最终被巡逻民警发现
/home/v2129375/dataset/aishell1/data_aishell/wav/train/S0422/BAC009S0422W0127.wav,存库依然保持快速增长态势
/home/v2129375/dataset/aishell1/data_aishell/wav/train/S0248/BAC009S0248W0409.wav,她和许老三也变成讨讨论对象
/home/v2129375/dataset/aishell1/data_aishell/wav/train/S0098/BAC009S0098W0388.wav,感觉身体维持控制及平衡的运作方式
/home/v2129375/dataset/aishell1/data_aishell/wav/train/S0159/BAC009S0159W0377.wav,开跑赛程四公里的永庆杯路跑
/home/v2129375/dataset/aishell1/data_aishell/wav/train/S0184/BAC009S0184W0276.wav,去年同期则实现净利润新台币六亿元
/home/v2129375/dataset/aishell1/data_aishell/wav/train/S0181/BAC009S0181W0263.wav,收入利润均创二零一二年以来最低纪录
/home/v2129375/dataset/aishell1/data_aishell/wav/train/S0027/BAC009S0027W0130.wav,但市场看涨情绪并没有因此回落
/home/v2129375/dataset/aishell1/data_aishell/wav/train/S0205/BAC009S0205W0409.wav,认为运动应该着重全身线条
/home/v2129375/dataset/aishell1/data_aishell/wav/train/S0003/BAC009S0003W0338.wav,中国足协主席蔡振华参加国际足联大会时明确表态
/home/v2129375/dataset/aishell1/data_aishell/wav/train/S0243/BAC009S0243W0221.wav,调整资产管理合同必备事项的内容
/home/v2129375/dataset/aishell1/data_aishell/wav/train/S0004/BAC009S0004W0150.wav,随着并购大潮的来临
/home/v2129375/dataset/aishell1/data_aishell/wav/train/S0360/BAC009S0360W0282.wav,但企业并不是拿来就可以用
/home/v2129375/dataset/aishell1/data_aishell/wav/train/S0356/BAC009S0356W0282.wav,考虑到个人用户的技术层次
/home/v2129375/dataset/aishell1/data_aishell/wav/train/S0066/BAC009S0066W0207.wav,对导致私募债劵投资者超过二百人的转让不予确认
/home/v2129375/dataset/aishell1/data_aishell/wav/train/S0236/BAC009S0236W0156.wav,未来楼市将继续向好
/home/v2129375/dataset/aishell1/data_aishell/wav/train/S0083/BAC009S0083W0221.wav,我国科技投入持续快速增长
/home/v2129375/dataset/aishell1/data_aishell/wav/train/S0112/BAC009S0112W0183.wav,上海下降二点四个百分点
/home/v2129375/dataset/aishell1/data_aishell/wav/train/S0341/BAC009S0341W0233.wav,不然垃圾公司会把股市变成垃圾场
/home/v2129375/dataset/aishell1/data_aishell/wav/train/S0023/BAC009S0023W0213.wav,因此整体上油价上涨
/home/v2129375/dataset/aishell1/data_aishell/wav/train/S0166/BAC009S0166W0484.wav,五旬大妈陷艳照门给男网友发裸照后遭敲诈
/home/v2129375/dataset/aishell1/data_aishell/wav/train/S0661/BAC009S0661W0174.wav,传统行业转型升级步伐加快
/home/v2129375/dataset/aishell1/data_aishell/wav/train/S0522/BAC009S0522W0279.wav,瓦杰斯格拉斯表示我们将继续以收购科技公司为重点
/home/v2129375/dataset/aishell1/data_aishell/wav/train/S0038/BAC009S0038W0235.wav,而内地许多内幕交易案经由媒体披露才得以揭发
/home/v2129375/dataset/aishell1/data_aishell/wav/train/S0184/BAC009S0184W0438.wav,传泛亚交易所资金链断裂遭八百多位投资者包围
/home/v2129375/dataset/aishell1/data_aishell/wav/train/S0048/BAC009S0048W0387.wav,反观秘鲁得分最高的是八号弗里亚斯十八分
/home/v2129375/dataset/aishell1/data_aishell/wav/train/S0600/BAC009S0600W0248.wav,今年专门提出了制种的保险
/home/v2129375/dataset/aishell1/data_aishell/wav/train/S0227/BAC009S0227W0402.wav,有机会搅动一池春水
/home/v2129375/dataset/aishell1/data_aishell/wav/train/S0192/BAC009S0192W0433.wav,犯罪现场堪称一个假币工厂
/home/v2129375/dataset/aishell1/data_aishell/wav/train/S0006/BAC009S0006W0472.wav,六十八岁杀手奶奶作案日记曝光二十年共杀十人
/home/v2129375/dataset/aishell1/data_aishell/wav/train/S0220/BAC009S0220W0341.wav,李艳梅王乌品李小红
/home/v2129375/dataset/aishell1/data_aishell/wav/train/S0138/BAC009S0138W0389.wav,国际田联在周三表示
/home/v2129375/dataset/aishell1/data_aishell/wav/train/S0076/BAC009S0076W0487.wav,拓东体育馆内一茶室发生凶杀案
/home/v2129375/dataset/aishell1/data_aishell/wav/train/S0147/BAC009S0147W0365.wav,事务总长武藤敏郎对于取消会徽原因的一系列发言
/home/v2129375/dataset/aishell1/data_aishell/wav/train/S0214/BAC009S0214W0278.wav,该新功能将有助于更加全面地提升亚马逊的低价美誉
/home/v2129375/dataset/aishell1/data_aishell/wav/train/S0662/BAC009S0662W0370.wav,另一位英国选手默多克五十九秒零九获得季军
/home/v2129375/dataset/aishell1/data_aishell/wav/train/S0701/BAC009S0701W0353.wav,最后到达终点时成绩为二十二秒二八
/home/v2129375/dataset/aishell1/data_aishell/wav/train/S0104/BAC009S0104W0133.wav,房企借此时间窗口拿地无可厚非
/home/v2129375/dataset/aishell1/data_aishell/wav/train/S0153/BAC009S0153W0196.wav,在第二阶段
/home/v2129375/dataset/aishell1/data_aishell/wav/train/S0035/BAC009S0035W0204.wav,并起到整体上减税功能
/home/v2129375/dataset/aishell1/data_aishell/wav/train/S0145/BAC009S0145W0276.wav,美国公司在欧洲提交的专利最多
/home/v2129375/dataset/aishell1/data_aishell/wav/train/S0511/BAC009S0511W0477.wav,从中获利近一百二十万元
/home/v2129375/dataset/aishell1/data_aishell/wav/train/S0188/BAC009S0188W0391.wav,上赛季以高龄挑战高难度优子已三十三岁
/home/v2129375/dataset/aishell1/data_aishell/wav/train/S0349/BAC009S0349W0238.wav,河北省公务用车专项治理
/home/v2129375/dataset/aishell1/data_aishell/wav/train/S0048/BAC009S0048W0263.wav,唯独在中国仍保持连续增长
/home/v2129375/dataset/aishell1/data_aishell/wav/train/S0135/BAC009S0135W0215.wav,表明了国企监管的缺失
/home/v2129375/dataset/aishell1/data_aishell/wav/train/S0423/BAC009S0423W0452.wav,调查结果出来可能需要一个月
/home/v2129375/dataset/aishell1/data_aishell/wav/train/S0036/BAC009S0036W0156.wav,成为最环保启动仪式
/home/v2129375/dataset/aishell1/data_aishell/wav/train/S0658/BAC009S0658W0284.wav,特斯拉充电团队将安排专业的电工技术人员
/home/v2129375/dataset/aishell1/data_aishell/wav/train/S0138/BAC009S0138W0197.wav,代之以国际通行的熔断制度
/home/v2129375/dataset/aishell1/data_aishell/wav/train/S0237/BAC009S0237W0287.wav,如今谷歌却打了退堂鼓
/home/v2129375/dataset/aishell1/data_aishell/wav/train/S0146/BAC009S0146W0207.wav,商业银行不良贷款曾经连续实现多个季度的双降
/home/v2129375/dataset/aishell1/data_aishell/wav/train/S0021/BAC009S0021W0225.wav,以晋陕蒙宁等地为代表
/home/v2129375/dataset/aishell1/data_aishell/wav/train/S0236/BAC009S0236W0165.wav,使金秋时节楼市上演了收获的一幕
/home/v2129375/dataset/aishell1/data_aishell/wav/train/S0112/BAC009S0112W0300.wav,据麻省理工技术评论称
/home/v2129375/dataset/aishell1/data_aishell/wav/train/S0243/BAC009S0243W0321.wav,还要加快建立充电基础设施道路交通标识体系
/home/v2129375/dataset/aishell1/data_aishell/wav/train/S0715/BAC009S0715W0235.wav,让五百多位营销精英走上了快速致富
/home/v2129375/dataset/aishell1/data_aishell/wav/train/S0659/BAC009S0659W0148.wav,二三线城市的楼市陆续饱和
/home/v2129375/dataset/aishell1/data_aishell/wav/train/S0049/BAC009S0049W0384.wav,但未能成功降服将军
/home/v2129375/dataset/aishell1/data_aishell/wav/train/S0509/BAC009S0509W0130.wav,国土部负责信息平台顶层设计
/home/v2129375/dataset/aishell1/data_aishell/wav/train/S0123/BAC009S0123W0211.wav,具体时间和地点都是在行动前一天通知组员
/home/v2129375/dataset/aishell1/data_aishell/wav/train/S0702/BAC009S0702W0386.wav,我还有梦想没有完成
/home/v2129375/dataset/aishell1/data_aishell/wav/train/S0002/BAC009S0002W0211.wav,如果一个垄断企业的所有产品都是内部采购
/home/v2129375/dataset/aishell1/data_aishell/wav/train/S0207/BAC009S0207W0276.wav,前者更不容易被人接受
/home/v2129375/dataset/aishell1/data_aishell/wav/train/S0209/BAC009S0209W0348.wav,这个成绩让人很欣慰
/home/v2129375/dataset/aishell1/data_aishell/wav/train/S0132/BAC009S0132W0168.wav,招商华润九龙仓平安以史上最大的联合体出现
/home/v2129375/dataset/aishell1/data_aishell/wav/train/S0520/BAC009S0520W0304.wav,通过互联网大数据和云计算等产业的发展
/home/v2129375/dataset/aishell1/data_aishell/wav/train/S0115/BAC009S0115W0388.wav,大家怀疑熊老的死和此事有关
/home/v2129375/dataset/aishell1/data_aishell/wav/train/S0126/BAC009S0126W0227.wav,促进服务贸易便利化
/home/v2129375/dataset/aishell1/data_aishell/wav/train/S0029/BAC009S0029W0371.wav,我觉得他一两秒钟就会到那个位置吧
/home/v2129375/dataset/aishell1/data_aishell/wav/train/S0518/BAC009S0518W0253.wav,对于芯片制造企业来说
/home/v2129375/dataset/aishell1/data_aishell/wav/train/S0659/BAC009S0659W0230.wav,保监会动真格出重拳
/home/v2129375/dataset/aishell1/data_aishell/wav/train/S0110/BAC009S0110W0390.wav,二零一五年第十二届女排世界杯在日本短暂休战
/home/v2129375/dataset/aishell1/data_aishell/wav/train/S0009/BAC009S0009W0136.wav,其增长可见性和财务安全性显着提升
/home/v2129375/dataset/aishell1/data_aishell/wav/train/S0722/BAC009S0722W0472.wav,且多次违反禁止标线指示变道超车
/home/v2129375/dataset/aishell1/data_aishell/wav/train/S0067/BAC009S0067W0422.wav,曾自爆高中打工地方的老板主动提包养
/home/v2129375/dataset/aishell1/data_aishell/wav/train/S0123/BAC009S0123W0281.wav,相信补贴不会影响到未来的合作
/home/v2129375/dataset/aishell1/data_aishell/wav/train/S0137/BAC009S0137W0424.wav,隔天接受媒体访问时
/home/v2129375/dataset/aishell1/data_aishell/wav/train/S0220/BAC009S0220W0210.wav,个人和其所在企业每个月都放一部分资金进去
/home/v2129375/dataset/aishell1/data_aishell/wav/train/S0037/BAC009S0037W0299.wav,五年内智能电脑将具备人类味觉等五种感觉
/home/v2129375/dataset/aishell1/data_aishell/wav/train/S0062/BAC009S0062W0208.wav,但如果要让采购评审机构考虑质疑
/home/v2129375/dataset/aishell1/data_aishell/wav/train/S0168/BAC009S0168W0334.wav,都有他们参与发起的种子基金
/home/v2129375/dataset/aishell1/data_aishell/wav/train/S0242/BAC009S0242W0464.wav,之后被证实只是炸弹形状的玩具表
/home/v2129375/dataset/aishell1/data_aishell/wav/train/S0136/BAC009S0136W0360.wav,其中就包括三位中国选手李金哲高兴龙和王嘉男
/home/v2129375/dataset/aishell1/data_aishell/wav/train/S0115/BAC009S0115W0308.wav,对巴交通设施造成了巨大破坏
/home/v2129375/dataset/aishell1/data_aishell/wav/train/S0141/BAC009S0141W0199.wav,月底前可能会引起部分消费者抢购现有的节能汽车
/home/v2129375/dataset/aishell1/data_aishell/wav/train/S0196/BAC009S0196W0314.wav,其相关技术只内部使用
/home/v2129375/dataset/aishell1/data_aishell/wav/train/S0352/BAC009S0352W0317.wav,北京拟在二零一六年出台北京市机动车停车条例
/home/v2129375/dataset/aishell1/data_aishell/wav/train/S0340/BAC009S0340W0306.wav,还要帮助这个行业扩大市场消费的角度
/home/v2129375/dataset/aishell1/data_aishell/wav/train/S0230/BAC009S0230W0434.wav,蓝某只得选择向警方自首
/home/v2129375/dataset/aishell1/data_aishell/wav/train/S0721/BAC009S0721W0370.wav,三三一北航成府路口
/home/v2129375/dataset/aishell1/data_aishell/wav/train/S0723/BAC009S0723W0218.wav,历史罕见发改委一口气发出五条城轨批文
/home/v2129375/dataset/aishell1/data_aishell/wav/train/S0347/BAC009S0347W0250.wav,保险业总资产争取达到十万亿元
/home/v2129375/dataset/aishell1/data_aishell/wav/train/S0716/BAC009S0716W0374.wav,十九米零四刷新个人历史最好成绩获得第五名
/home/v2129375/dataset/aishell1/data_aishell/wav/train/S0204/BAC009S0204W0214.wav,影响火电等多行业影响大
/home/v2129375/dataset/aishell1/data_aishell/wav/train/S0155/BAC009S0155W0164.wav,公司实现销售面积
/home/v2129375/dataset/aishell1/data_aishell/wav/train/S0132/BAC009S0132W0339.wav,但潜力无限的选手并非梁劲生一位
/home/v2129375/dataset/aishell1/data_aishell/wav/train/S0013/BAC009S0013W0173.wav,优质住宅类用地价格居高不下
/home/v2129375/dataset/aishell1/data_aishell/wav/train/S0202/BAC009S0202W0454.wav,当婆婆在雨棚上挪动时
/home/v2129375/dataset/aishell1/data_aishell/wav/train/S0096/BAC009S0096W0192.wav,既充分肯定了近年来我国社会保障体系建设的成就
/home/v2129375/dataset/aishell1/data_aishell/wav/train/S0183/BAC009S0183W0285.wav,华为的精品战略已经取得明显成效
/home/v2129375/dataset/aishell1/data_aishell/wav/train/S0210/BAC009S0210W0383.wav,大家交流的气氛很浓
/home/v2129375/dataset/aishell1/data_aishell/wav/train/S0122/BAC009S0122W0135.wav,中指研究所观点认为
/home/v2129375/dataset/aishell1/data_aishell/wav/train/S0204/BAC009S0204W0129.wav,这也宛如给今日土拍打了剂强劲的兴奋剂
/home/v2129375/dataset/aishell1/data_aishell/wav/train/S0050/BAC009S0050W0409.wav,大家玩得痛快
/home/v2129375/dataset/aishell1/data_aishell/wav/train/S0008/BAC009S0008W0153.wav,率先公布的北京政府报告只字未提
/home/v2129375/dataset/aishell1/data_aishell/wav/train/S0080/BAC009S0080W0247.wav,中宣部累计拨款三千万元
/home/v2129375/dataset/aishell1/data_aishell/wav/train/S0117/BAC009S0117W0155.wav,其中包括金隅七十八墅一个别墅项目
/home/v2129375/dataset/aishell1/data_aishell/wav/train/S0104/BAC009S0104W0259.wav,他说当宏观经济健康
/home/v2129375/dataset/aishell1/data_aishell/wav/train/S0705/BAC009S0705W0248.wav,促进城乡各类劳动者平等就业
/home/v2129375/dataset/aishell1/data_aishell/wav/train/S0221/BAC009S0221W0429.wav,并用五十公分的大肠做人工膀胱
/home/v2129375/dataset/aishell1/data_aishell/wav/train/S0227/BAC009S0227W0321.wav,拨打或接通电话的瞬间
/home/v2129375/dataset/aishell1/data_aishell/wav/train/S0070/BAC009S0070W0480.wav,体内毒素已经基本清除完毕
/home/v2129375/dataset/aishell1/data_aishell/wav/train/S0038/BAC009S0038W0124.wav,推出特价房等力度颇大的优惠举措
/home/v2129375/dataset/aishell1/data_aishell/wav/train/S0224/BAC009S0224W0300.wav,他们的反应就不同于其他人
/home/v2129375/dataset/aishell1/data_aishell/wav/train/S0067/BAC009S0067W0429.wav,今年初小蜜桃姐姐再传好消息
/home/v2129375/dataset/aishell1/data_aishell/wav/train/S0047/BAC009S0047W0304.wav,占上周获调研公司总数的百分之四十三
/home/v2129375/dataset/aishell1/data_aishell/wav/train/S0019/BAC009S0019W0218.wav,对所产生的危险废物分析不清
/home/v2129375/dataset/aishell1/data_aishell/wav/train/S0218/BAC009S0218W0344.wav,更多人能够有这种体验
/home/v2129375/dataset/aishell1/data_aishell/wav/train/S0229/BAC009S0229W0326.wav,自建独立的充电网络
/home/v2129375/dataset/aishell1/data_aishell/wav/train/S0130/BAC009S0130W0397.wav,对手不断的成熟强大而队员则自认为状态还可以
/home/v2129375/dataset/aishell1/data_aishell/wav/train/S0199/BAC009S0199W0123.wav,截至二零一四年
/home/v2129375/dataset/aishell1/data_aishell/wav/train/S0193/BAC009S0193W0488.wav,储户银行卡境外遭盗刷银行被判担责八成
/home/v2129375/dataset/aishell1/data_aishell/wav/train/S0095/BAC009S0095W0264.wav,这回微软似乎找到了融合的关节点
/home/v2129375/dataset/aishell1/data_aishell/wav/train/S0199/BAC009S0199W0254.wav,东芝在日本国内的电视业务将继续保持自主开发和销售
/home/v2129375/dataset/aishell1/data_aishell/wav/train/S0233/BAC009S0233W0353.wav,希望类似的活动未来能够越来越多
/home/v2129375/dataset/aishell1/data_aishell/wav/train/S0035/BAC009S0035W0389.wav,重庆晨报记者见到老人唐礼贤时
/home/v2129375/dataset/aishell1/data_aishell/wav/train/S0136/BAC009S0136W0168.wav,中新网九月十八日电
/home/v2129375/dataset/aishell1/data_aishell/wav/train/S0224/BAC009S0224W0281.wav,号召更多的车企制造电动车
/home/v2129375/dataset/aishell1/data_aishell/wav/train/S0169/BAC009S0169W0309.wav,瞄准天使轮以后相对成型的项目
/home/v2129375/dataset/aishell1/data_aishell/wav/train/S0182/BAC009S0182W0405.wav,这可能是今年明星数量最多的超级英雄大片
/home/v2129375/dataset/aishell1/data_aishell/wav/train/S0100/BAC009S0100W0195.wav,联合发文模板
/home/v2129375/dataset/aishell1/data_aishell/wav/train/S0064/BAC009S0064W0197.wav,该项业务推出应该就在九十月份
/home/v2129375/dataset/aishell1/data_aishell/wav/train/S0179/BAC009S0179W0166.wav,不能满足大部分外来置业人口的需求
/home/v2129375/dataset/aishell1/data_aishell/wav/train/S0153/BAC009S0153W0494.wav,镇江警方在金山派出所通报了案情经过
/home/v2129375/dataset/aishell1/data_aishell/wav/train/S0056/BAC009S0056W0373.wav,常于于坛上猛击令牌
/home/v2129375/dataset/aishell1/data_aishell/wav/train/S0656/BAC009S0656W0142.wav,调整目的是为了进一步完善差别化住房信贷政策
/home/v2129375/dataset/aishell1/data_aishell/wav/train/S0662/BAC009S0662W0343.wav,而另一位前冠军罗切特获得第四名
/home/v2129375/dataset/aishell1/data_aishell/wav/train/S0181/BAC009S0181W0441.wav,警方经工作先后将孙某某男
/home/v2129375/dataset/aishell1/data_aishell/wav/train/S0071/BAC009S0071W0483.wav,男孩还不时弄点草吃
/home/v2129375/dataset/aishell1/data_aishell/wav/train/S0043/BAC009S0043W0210.wav,中国股市在短短一年内损失了一半的时间
/home/v2129375/dataset/aishell1/data_aishell/wav/train/S0205/BAC009S0205W0121.wav,也拒绝提供资金监管账户的详细信息
/home/v2129375/dataset/aishell1/data_aishell/wav/train/S0238/BAC009S0238W0203.wav,中国证监会对此迅速作出反应
/home/v2129375/dataset/aishell1/data_aishell/wav/train/S0111/BAC009S0111W0313.wav,如今的苹果已失去了颠复精神并沦为了保守派
/home/v2129375/dataset/aishell1/data_aishell/wav/train/S0226/BAC009S0226W0492.wav,新文化吉林讯记者李洋他说
/home/v2129375/dataset/aishell1/data_aishell/wav/train/S0112/BAC009S0112W0488.wav,杨先生的新房却被邻居装修入住
/home/v2129375/dataset/aishell1/data_aishell/wav/train/S0238/BAC009S0238W0474.wav,杜甫在网上忙了一段时间
/home/v2129375/dataset/aishell1/data_aishell/wav/train/S0092/BAC009S0092W0213.wav,要讨论是否列入本机构抗菌药物供应目录
/home/v2129375/dataset/aishell1/data_aishell/wav/train/S0719/BAC009S0719W0155.wav,张先生属于有底薪的业务员
/home/v2129375/dataset/aishell1/data_aishell/wav/train/S0234/BAC009S0234W0292.wav,为培养本国汽车工业的独立自主发展能力
/home/v2129375/dataset/aishell1/data_aishell/wav/train/S0076/BAC009S0076W0422.wav,馀祥铨月初在自家附近与一名女子聊天
/home/v2129375/dataset/aishell1/data_aishell/wav/train/S0153/BAC009S0153W0134.wav,海景房是一个被频繁炒作的概念
/home/v2129375/dataset/aishell1/data_aishell/wav/train/S0359/BAC009S0359W0330.wav,这不代表商派将数据库开放
/home/v2129375/dataset/aishell1/data_aishell/wav/train/S0043/BAC009S0043W0231.wav,其主要内容是预测下周上涨的牛股
/home/v2129375/dataset/aishell1/data_aishell/wav/train/S0195/BAC009S0195W0331.wav,发动机也不会有任何的响应
/home/v2129375/dataset/aishell1/data_aishell/wav/train/S0118/BAC009S0118W0314.wav,国内机器人尚难以匹敌
/home/v2129375/dataset/aishell1/data_aishell/wav/train/S0165/BAC009S0165W0150.wav,也就是说要平时就要保持良好的睡眠习惯
/home/v2129375/dataset/aishell1/data_aishell/wav/train/S0104/BAC009S0104W0245.wav,根据新股交易监管的实践经验和实证研究
/home/v2129375/dataset/aishell1/data_aishell/wav/train/S0192/BAC009S0192W0152.wav,创客长安位于北京西长安街
/home/v2129375/dataset/aishell1/data_aishell/wav/train/S0044/BAC009S0044W0399.wav,因此体力是他最危险的武器
/home/v2129375/dataset/aishell1/data_aishell/wav/train/S0132/BAC009S0132W0336.wav,将由四川晟天和苹果共同拥有
/home/v2129375/dataset/aishell1/data_aishell/wav/train/S0352/BAC009S0352W0207.wav,是否影响中小股东利益
/home/v2129375/dataset/aishell1/data_aishell/wav/train/S0221/BAC009S0221W0323.wav,老骗术刷单返利圈你的钱
/home/v2129375/dataset/aishell1/data_aishell/wav/train/S0003/BAC009S0003W0239.wav,这里面可能涵盖了很多三公经费
/home/v2129375/dataset/aishell1/data_aishell/wav/train/S0354/BAC009S0354W0451.wav,汉阴县城关镇的沈某
/home/v2129375/dataset/aishell1/data_aishell/wav/train/S0222/BAC009S0222W0437.wav,并赔偿附带民事诉讼原告人经济损失一点八万元
/home/v2129375/dataset/aishell1/data_aishell/wav/train/S0046/BAC009S0046W0484.wav,扶老女大学生申请复核称被动在接收栏签字
/home/v2129375/dataset/aishell1/data_aishell/wav/train/S0125/BAC009S0125W0211.wav,上海多地证实单身禁买二套房
/home/v2129375/dataset/aishell1/data_aishell/wav/train/S0715/BAC009S0715W0188.wav,禁止断水断电如果拆迁条件谈不拢
/home/v2129375/dataset/aishell1/data_aishell/wav/train/S0069/BAC009S0069W0450.wav,但没有参与此次庭审
/home/v2129375/dataset/aishell1/data_aishell/wav/train/S0022/BAC009S0022W0314.wav,以全新完全沉浸式的方式分享体验
/home/v2129375/dataset/aishell1/data_aishell/wav/train/S0210/BAC009S0210W0164.wav,我们取义生态中国的主题
/home/v2129375/dataset/aishell1/data_aishell/wav/train/S0195/BAC009S0195W0211.wav,中医药发展不应只盯住产业数据
/home/v2129375/dataset/aishell1/data_aishell/wav/train/S0229/BAC009S0229W0426.wav,我应该放不下
/home/v2129375/dataset/aishell1/data_aishell/wav/train/S0080/BAC009S0080W0481.wav,再打杨某电话也不接
/home/v2129375/dataset/aishell1/data_aishell/wav/train/S0363/BAC009S0363W0224.wav,改善劳资法律援助长期解决国有企业双轨制问题
/home/v2129375/dataset/aishell1/data_aishell/wav/train/S0007/BAC009S0007W0306.wav,当时办案需要根据模拟画像来锁定嫌疑人范围
/home/v2129375/dataset/aishell1/data_aishell/wav/train/S0244/BAC009S0244W0326.wav,智能电视市场又将迎来新的抢食者
/home/v2129375/dataset/aishell1/data_aishell/wav/train/S0096/BAC009S0096W0173.wav,二线城市房价总体平稳
/home/v2129375/dataset/aishell1/data_aishell/wav/train/S0144/BAC009S0144W0336.wav,海信的营收与净利润出现了双线下滑
/home/v2129375/dataset/aishell1/data_aishell/wav/train/S0215/BAC009S0215W0318.wav,八月北京第四期小客车指标申请审核结果显示
/home/v2129375/dataset/aishell1/data_aishell/wav/train/S0017/BAC009S0017W0461.wav,八五后城管救起四岁落水女童妻子做大餐犒劳
/home/v2129375/dataset/aishell1/data_aishell/wav/train/S0519/BAC009S0519W0327.wav,深圳市福田沙尾村的当事人王先生表示
/home/v2129375/dataset/aishell1/data_aishell/wav/train/S0196/BAC009S0196W0267.wav,豪威科技还是图像芯片封测公司晶方科技的第三大股东
/home/v2129375/dataset/aishell1/data_aishell/wav/train/S0062/BAC009S0062W0467.wav,对此少林寺回应称遭恶意造谣已报案
/home/v2129375/dataset/aishell1/data_aishell/wav/train/S0244/BAC009S0244W0313.wav,处于上游的电池材料产业都在担忧补贴后的副作用
/home/v2129375/dataset/aishell1/data_aishell/wav/train/S0518/BAC009S0518W0160.wav,品牌企业的利润增长非常可观
/home/v2129375/dataset/aishell1/data_aishell/wav/train/S0513/BAC009S0513W0274.wav,这就是神奇工场要去完成的任务
/home/v2129375/dataset/aishell1/data_aishell/wav/train/S0656/BAC009S0656W0425.wav,以一张始终像少年的超强童颜闻名
/home/v2129375/dataset/aishell1/data_aishell/wav/train/S0143/BAC009S0143W0242.wav,这种手机恶意软件隐藏在手机操作系统中
/home/v2129375/dataset/aishell1/data_aishell/wav/train/S0356/BAC009S0356W0281.wav,一位航模爱好者对假装是极客称
/home/v2129375/dataset/aishell1/data_aishell/wav/train/S0123/BAC009S0123W0135.wav,但成交均价和成交平均溢价率却在不断上升
/home/v2129375/dataset/aishell1/data_aishell/wav/train/S0218/BAC009S0218W0203.wav,伴随着股市的震荡反复
/home/v2129375/dataset/aishell1/data_aishell/wav/train/S0250/BAC009S0250W0272.wav,处罚内容仍存在变数
/home/v2129375/dataset/aishell1/data_aishell/wav/train/S0719/BAC009S0719W0128.wav,上半年二手房成交量同比翻番
/home/v2129375/dataset/aishell1/data_aishell/wav/train/S0711/BAC009S0711W0145.wav,上海今年以来总价地王再度被刷新
/home/v2129375/dataset/aishell1/data_aishell/wav/train/S0106/BAC009S0106W0173.wav,比上月同期减少了一千七百五十二套
/home/v2129375/dataset/aishell1/data_aishell/wav/train/S0141/BAC009S0141W0168.wav,部分二线城市也开始迈入上涨区间
/home/v2129375/dataset/aishell1/data_aishell/wav/train/S0014/BAC009S0014W0164.wav,在彭博社调查的二十八家开发商中
/home/v2129375/dataset/aishell1/data_aishell/wav/train/S0034/BAC009S0034W0383.wav,平均收视率达零点六五
/home/v2129375/dataset/aishell1/data_aishell/wav/train/S0354/BAC009S0354W0311.wav,蔡艺侬并不热衷于资本市场
/home/v2129375/dataset/aishell1/data_aishell/wav/train/S0035/BAC009S0035W0200.wav,对于个税替延性养老保险
/home/v2129375/dataset/aishell1/data_aishell/wav/train/S0116/BAC009S0116W0189.wav,加大对上市公司和中介机构的检查力度和问责力度
/home/v2129375/dataset/aishell1/data_aishell/wav/train/S0663/BAC009S0663W0149.wav,三中全会或有多项改革措施涉及楼市
/home/v2129375/dataset/aishell1/data_aishell/wav/train/S0184/BAC009S0184W0424.wav,搜狐娱乐讯据香港媒体报道
/home/v2129375/dataset/aishell1/data_aishell/wav/train/S0031/BAC009S0031W0122.wav,而以搜房网为代表的线上公司则在布局线下
/home/v2129375/dataset/aishell1/data_aishell/wav/train/S0082/BAC009S0082W0358.wav,别人低调跑步也没有任何错
/home/v2129375/dataset/aishell1/data_aishell/wav/train/S0079/BAC009S0079W0330.wav,企业投资成本有望在两年内收回
/home/v2129375/dataset/aishell1/data_aishell/wav/train/S0082/BAC009S0082W0150.wav,持有酒店超过一百家
/home/v2129375/dataset/aishell1/data_aishell/wav/train/S0210/BAC009S0210W0238.wav,扛着几条监管红线
/home/v2129375/dataset/aishell1/data_aishell/wav/train/S0183/BAC009S0183W0185.wav,五月份市场有望继续升温
/home/v2129375/dataset/aishell1/data_aishell/wav/train/S0138/BAC009S0138W0383.wav,并准确地提供相关信息
/home/v2129375/dataset/aishell1/data_aishell/wav/train/S0107/BAC009S0107W0251.wav,创业板年报披露
/home/v2129375/dataset/aishell1/data_aishell/wav/train/S0600/BAC009S0600W0320.wav,从网络化医疗设备到物物联网
/home/v2129375/dataset/aishell1/data_aishell/wav/train/S0350/BAC009S0350W0495.wav,吉林一客车侧翻致一死十五伤事故车辆涉嫌超速
/home/v2129375/dataset/aishell1/data_aishell/wav/train/S0712/BAC009S0712W0378.wav,并将在鸟巢参加男子百米和四乘一百米接力的比赛
/home/v2129375/dataset/aishell1/data_aishell/wav/train/S0349/BAC009S0349W0489.wav,合肥飞广州航班返航疑似货舱冒烟有旅客受伤
/home/v2129375/dataset/aishell1/data_aishell/wav/train/S0363/BAC009S0363W0231.wav,同样是造成居民收入比重下降的原因之一
/home/v2129375/dataset/aishell1/data_aishell/wav/train/S0010/BAC009S0010W0381.wav,有了环成都不间断跑的念头
/home/v2129375/dataset/aishell1/data_aishell/wav/train/S0245/BAC009S0245W0222.wav,首先采用提供财务报表附注或临时公告索引的方式
/home/v2129375/dataset/aishell1/data_aishell/wav/train/S0006/BAC009S0006W0298.wav,除了部分国际顶级企业外
/home/v2129375/dataset/aishell1/data_aishell/wav/train/S0355/BAC009S0355W0209.wav,由于豆浆机出口的量不大
/home/v2129375/dataset/aishell1/data_aishell/wav/train/S0135/BAC009S0135W0203.wav,山东某医药公司董事长彭某向吴建文提供了一百万元
/home/v2129375/dataset/aishell1/data_aishell/wav/train/S0251/BAC009S0251W0254.wav,笔者更关心的问题是
/home/v2129375/dataset/aishell1/data_aishell/wav/train/S0709/BAC009S0709W0379.wav,选择广场公园等刷圈即可
/home/v2129375/dataset/aishell1/data_aishell/wav/train/S0523/BAC009S0523W0127.wav,并在一定程度上影响市场预期
/home/v2129375/dataset/aishell1/data_aishell/wav/train/S0038/BAC009S0038W0390.wav,本版采写新京记者孙海光
/home/v2129375/dataset/aishell1/data_aishell/wav/train/S0718/BAC009S0718W0429.wav,搜狐娱乐讯据台湾媒体报道
/home/v2129375/dataset/aishell1/data_aishell/wav/train/S0215/BAC009S0215W0271.wav,现实生活里的家电语音控制
/home/v2129375/dataset/aishell1/data_aishell/wav/train/S0197/BAC009S0197W0166.wav,这轮反弹一直持续
/home/v2129375/dataset/aishell1/data_aishell/wav/train/S0081/BAC009S0081W0351.wav,这确实不礼貌不雅观
/home/v2129375/dataset/aishell1/data_aishell/wav/train/S0202/BAC009S0202W0486.wav,希望华商报记者能帮忙劝劝爷爷
/home/v2129375/dataset/aishell1/data_aishell/wav/train/S0218/BAC009S0218W0219.wav,当初预想的一万亿元规模相去甚远
/home/v2129375/dataset/aishell1/data_aishell/wav/train/S0064/BAC009S0064W0211.wav,按什么标准配备校车数量
/home/v2129375/dataset/aishell1/data_aishell/wav/train/S0600/BAC009S0600W0305.wav,易观智库分析师王小星对记者表示
/home/v2129375/dataset/aishell1/data_aishell/wav/train/S0151/BAC009S0151W0176.wav,那究竟怎么判断房价会不会大涨或者大跌
/home/v2129375/dataset/aishell1/data_aishell/wav/train/S0160/BAC009S0160W0296.wav,当前有很多第三方健康设备均支持这项功能
/home/v2129375/dataset/aishell1/data_aishell/wav/train/S0598/BAC009S0598W0231.wav,这其中也有相当多的利益博弈环节
/home/v2129375/dataset/aishell1/data_aishell/wav/train/S0338/BAC009S0338W0422.wav,她也不希望小孩以为她是来刮分爸爸的爱
/home/v2129375/dataset/aishell1/data_aishell/wav/train/S0233/BAC009S0233W0351.wav,而今天这么多带有类似生活理念的人齐聚一堂
/home/v2129375/dataset/aishell1/data_aishell/wav/train/S0209/BAC009S0209W0486.wav,张某不仅将赃款退回
/home/v2129375/dataset/aishell1/data_aishell/wav/train/S0666/BAC009S0666W0480.wav,事故共造成七人受伤住院
/home/v2129375/dataset/aishell1/data_aishell/wav/train/S0143/BAC009S0143W0266.wav,其主要功能是遥控航拍
/home/v2129375/dataset/aishell1/data_aishell/wav/train/S0065/BAC009S0065W0452.wav,电影版三体的存在
/home/v2129375/dataset/aishell1/data_aishell/wav/train/S0095/BAC009S0095W0256.wav,评论人士对微软统一平台的举动却并不看好
/home/v2129375/dataset/aishell1/data_aishell/wav/train/S0176/BAC009S0176W0181.wav,合作公司万达股份会小点
/home/v2129375/dataset/aishell1/data_aishell/wav/train/S0057/BAC009S0057W0164.wav,陈锡文姜大明等官员均表示
/home/v2129375/dataset/aishell1/data_aishell/wav/train/S0032/BAC009S0032W0452.wav,可以看到巨大的台风眼
/home/v2129375/dataset/aishell1/data_aishell/wav/train/S0074/BAC009S0074W0231.wav,是一起竞网站最诱人的地方
/home/v2129375/dataset/aishell1/data_aishell/wav/train/S0240/BAC009S0240W0292.wav,要改变只有彻底换一种用法
/home/v2129375/dataset/aishell1/data_aishell/wav/train/S0111/BAC009S0111W0284.wav,也与全球铁矿石钢铁以及纺织衣物年度贸易的总和相当
/home/v2129375/dataset/aishell1/data_aishell/wav/train/S0066/BAC009S0066W0390.wav,整个晚上都没有休息好
/home/v2129375/dataset/aishell1/data_aishell/wav/train/S0034/BAC009S0034W0273.wav,被冠以中国芯龙芯曾经备受期待
/home/v2129375/dataset/aishell1/data_aishell/wav/train/S0189/BAC009S0189W0490.wav,甚至有一些微信公众号推送文章称
/home/v2129375/dataset/aishell1/data_aishell/wav/train/S0076/BAC009S0076W0365.wav,出拳后肩部迅速放松
/home/v2129375/dataset/aishell1/data_aishell/wav/train/S0721/BAC009S0721W0228.wav,对社会上出现的黑中介组织进行严厉打击
/home/v2129375/dataset/aishell1/data_aishell/wav/train/S0344/BAC009S0344W0316.wav,在现有资金支持基础上
/home/v2129375/dataset/aishell1/data_aishell/wav/train/S0136/BAC009S0136W0394.wav,王嘉男高兴龙和李金哲分列二至五位
/home/v2129375/dataset/aishell1/data_aishell/wav/train/S0098/BAC009S0098W0352.wav,头胎生的男性和女性都存在患肥胖症的风险
/home/v2129375/dataset/aishell1/data_aishell/wav/train/S0029/BAC009S0029W0422.wav,桌上放着巧克力蛋糕
/home/v2129375/dataset/aishell1/data_aishell/wav/train/S0517/BAC009S0517W0282.wav,他们正在面临抉择是否马上加入智能可穿戴设备行业
/home/v2129375/dataset/aishell1/data_aishell/wav/train/S0191/BAC009S0191W0133.wav,前几天看朋友圈传言
/home/v2129375/dataset/aishell1/data_aishell/wav/train/S0079/BAC009S0079W0181.wav,几天前有媒体曝光了这片别墅
/home/v2129375/dataset/aishell1/data_aishell/wav/train/S0721/BAC009S0721W0226.wav,以及医务人员从事违法违规人体器官移植活动
/home/v2129375/dataset/aishell1/data_aishell/wav/train/S0013/BAC009S0013W0140.wav,降幅较上月收窄一点四个百分点
/home/v2129375/dataset/aishell1/data_aishell/wav/train/S0140/BAC009S0140W0357.wav,中国田径队派出的是王宇和张国伟
/home/v2129375/dataset/aishell1/data_aishell/wav/train/S0347/BAC009S0347W0434.wav,合肥一财政局局长之子诈骗一点三亿买数百万奢侈品
/home/v2129375/dataset/aishell1/data_aishell/wav/train/S0153/BAC009S0153W0157.wav,持平的城市有五十个
/home/v2129375/dataset/aishell1/data_aishell/wav/train/S0190/BAC009S0190W0223.wav,明确责任人和内部管理的流程
/home/v2129375/dataset/aishell1/data_aishell/wav/train/S0029/BAC009S0029W0198.wav,布鲁金斯学会研究发现
/home/v2129375/dataset/aishell1/data_aishell/wav/train/S0514/BAC009S0514W0346.wav,分明流露出内心的澎湃
/home/v2129375/dataset/aishell1/data_aishell/wav/train/S0217/BAC009S0217W0266.wav,市值萎缩并非一日之寒
/home/v2129375/dataset/aishell1/data_aishell/wav/train/S0243/BAC009S0243W0471.wav,交通车五四六路进站时追尾三九零路公交车
/home/v2129375/dataset/aishell1/data_aishell/wav/train/S0361/BAC009S0361W0194.wav,回避了一些问题从坊间到学界
/home/v2129375/dataset/aishell1/data_aishell/wav/train/S0350/BAC009S0350W0329.wav,在各地加快推进机器换人战略的同时
/home/v2129375/dataset/aishell1/data_aishell/wav/train/S0050/BAC009S0050W0402.wav,而且全部终结了对手
/home/v2129375/dataset/aishell1/data_aishell/wav/train/S0218/BAC009S0218W0201.wav,若是没有其他领域的配套改革以及制度层面的设计
/home/v2129375/dataset/aishell1/data_aishell/wav/train/S0134/BAC009S0134W0239.wav,吴建文对求他在办公楼租售中行方便的吴某谎称
/home/v2129375/dataset/aishell1/data_aishell/wav/train/S0022/BAC009S0022W0175.wav,达到了三十二点二五亿元
/home/v2129375/dataset/aishell1/data_aishell/wav/train/S0171/BAC009S0171W0150.wav,成为城市规划和可持续发展的关键问题
/home/v2129375/dataset/aishell1/data_aishell/wav/train/S0704/BAC009S0704W0334.wav,当国内机器人行业还处于起步阶段时
/home/v2129375/dataset/aishell1/data_aishell/wav/train/S0145/BAC009S0145W0208.wav,记者从中国移动联通运营商处了解到
/home/v2129375/dataset/aishell1/data_aishell/wav/train/S0084/BAC009S0084W0449.wav,并且附有不堪入目的照片
/home/v2129375/dataset/aishell1/data_aishell/wav/train/S0101/BAC009S0101W0152.wav,是促销二月整体库存出现小幅环比上升的主要原因
/home/v2129375/dataset/aishell1/data_aishell/wav/train/S0051/BAC009S0051W0377.wav,肖恩乔丹拼尽全力
/home/v2129375/dataset/aishell1/data_aishell/wav/train/S0084/BAC009S0084W0159.wav,链家地产市场研究部李巧玲向中新网房产频道介绍
/home/v2129375/dataset/aishell1/data_aishell/wav/train/S0184/BAC009S0184W0349.wav,进入点球大战后以十一二告负
/home/v2129375/dataset/aishell1/data_aishell/wav/train/S0717/BAC009S0717W0180.wav,北京麦田高级副总吴存胜表示
/home/v2129375/dataset/aishell1/data_aishell/wav/train/S0337/BAC009S0337W0454.wav,二零一五年八月二十八日十三时许
/home/v2129375/dataset/aishell1/data_aishell/wav/train/S0341/BAC009S0341W0376.wav,中国残疾人联合会理事长鲁勇移交会旗
/home/v2129375/dataset/aishell1/data_aishell/wav/train/S0341/BAC009S0341W0234.wav,审批的权力应该放在离市场最近的那个机构
/home/v2129375/dataset/aishell1/data_aishell/wav/train/S0655/BAC009S0655W0375.wav,法国选手亚历山德拉以七十三米三三获得亚军
/home/v2129375/dataset/aishell1/data_aishell/wav/train/S0172/BAC009S0172W0377.wav,你能看到他在田径场里不停地跑来跑去
/home/v2129375/dataset/aishell1/data_aishell/wav/train/S0088/BAC009S0088W0226.wav,三大商品期货交易所松绑异常交易行为监管
/home/v2129375/dataset/aishell1/data_aishell/wav/train/S0081/BAC009S0081W0328.wav,在整个东莞机器换人战略大力实施的背景下
/home/v2129375/dataset/aishell1/data_aishell/wav/train/S0150/BAC009S0150W0257.wav,创六年来晋升人数新低
/home/v2129375/dataset/aishell1/data_aishell/wav/train/S0092/BAC009S0092W0456.wav,本报讯记者朱晓立今天起本市调整市域出租车运价
/home/v2129375/dataset/aishell1/data_aishell/wav/train/S0058/BAC009S0058W0338.wav,他们说我们的项目不是只对运动员
/home/v2129375/dataset/aishell1/data_aishell/wav/train/S0722/BAC009S0722W0436.wav,摔倒老人给施救者写感谢信别受不良现象影响
/home/v2129375/dataset/aishell1/data_aishell/wav/train/S0230/BAC009S0230W0295.wav,而这也恰恰是欧盟对高通反垄断所面临的变局
/home/v2129375/dataset/aishell1/data_aishell/wav/train/S0231/BAC009S0231W0368.wav,整个电子竞技产业的巨大潜力可见一斑
/home/v2129375/dataset/aishell1/data_aishell/wav/train/S0335/BAC009S0335W0491.wav,其中有二百二十五人病危
/home/v2129375/dataset/aishell1/data_aishell/wav/train/S0126/BAC009S0126W0190.wav,上海先是对户籍家庭的认定作出解释
/home/v2129375/dataset/aishell1/data_aishell/wav/train/S0011/BAC009S0011W0163.wav,目前的市场上还有其他做法
/home/v2129375/dataset/aishell1/data_aishell/wav/train/S0173/BAC009S0173W0467.wav,校方表示将按程序处理
/home/v2129375/dataset/aishell1/data_aishell/wav/train/S0155/BAC009S0155W0296.wav,而移动业务仅占百分之十三
/home/v2129375/dataset/aishell1/data_aishell/wav/train/S0722/BAC009S0722W0313.wav,曾担任中电国际董事局主席执行董事及首席执行官
/home/v2129375/dataset/aishell1/data_aishell/wav/train/S0003/BAC009S0003W0377.wav,北京举办冬奥会和夏奥会期间相隔十四年
/home/v2129375/dataset/aishell1/data_aishell/wav/train/S0040/BAC009S0040W0402.wav,教练和球员已普遍使用大数据分析来制定战略战术
/home/v2129375/dataset/aishell1/data_aishell/wav/train/S0153/BAC009S0153W0232.wav,而非在措施达到排污标准的效果后
/home/v2129375/dataset/aishell1/data_aishell/wav/train/S0056/BAC009S0056W0368.wav,号令人生长城马拉松奖牌震撼发布
/home/v2129375/dataset/aishell1/data_aishell/wav/train/S0074/BAC009S0074W0454.wav,认定电话运营商违约是造成杨伯财产损失的次要原因
/home/v2129375/dataset/aishell1/data_aishell/wav/train/S0511/BAC009S0511W0268.wav,接棒陈旭东的常程下一步打算怎么卖联想手机
/home/v2129375/dataset/aishell1/data_aishell/wav/train/S0337/BAC009S0337W0150.wav,涵盖了新房交付时的所有验收关键点
/home/v2129375/dataset/aishell1/data_aishell/wav/train/S0192/BAC009S0192W0475.wav,女业主被保安掀翻在地
/home/v2129375/dataset/aishell1/data_aishell/wav/train/S0232/BAC009S0232W0456.wav,家长都和学校签订了防溺水安全承诺书
/home/v2129375/dataset/aishell1/data_aishell/wav/train/S0025/BAC009S0025W0253.wav,其中包括预计在全球范围内裁员百分之十五
/home/v2129375/dataset/aishell1/data_aishell/wav/train/S0205/BAC009S0205W0316.wav,使我们更看好服务机器人
/home/v2129375/dataset/aishell1/data_aishell/wav/train/S0665/BAC009S0665W0138.wav,否则自身的发展空间确实会持续收窄
/home/v2129375/dataset/aishell1/data_aishell/wav/train/S0243/BAC009S0243W0164.wav,制定相应的政策来促使鬼城的转变
/home/v2129375/dataset/aishell1/data_aishell/wav/train/S0137/BAC009S0137W0405.wav,却遭遇了空前的阻挠
/home/v2129375/dataset/aishell1/data_aishell/wav/train/S0074/BAC009S0074W0177.wav,环比上升百分之二十六点三
/home/v2129375/dataset/aishell1/data_aishell/wav/train/S0162/BAC009S0162W0225.wav,期货公司分类评价工作日趋成熟
/home/v2129375/dataset/aishell1/data_aishell/wav/train/S0149/BAC009S0149W0236.wav,转移支付措施在改善收入分配上更容易看到直接效果
/home/v2129375/dataset/aishell1/data_aishell/wav/train/S0512/BAC009S0512W0407.wav,第二张海报则强调了戴着面具的主角大特写
/home/v2129375/dataset/aishell1/data_aishell/wav/train/S0422/BAC009S0422W0330.wav,一位参与庭审旁听人士透露
/home/v2129375/dataset/aishell1/data_aishell/wav/train/S0153/BAC009S0153W0445.wav,华西都市报记者了解到
/home/v2129375/dataset/aishell1/data_aishell/wav/train/S0237/BAC009S0237W0470.wav,劫匪地铁站持刀抢劫单身女朝阳群众助朝阳
/home/v2129375/dataset/aishell1/data_aishell/wav/train/S0709/BAC009S0709W0217.wav,因此在中国法律意义上属于无效行为
/home/v2129375/dataset/aishell1/data_aishell/wav/train/S0011/BAC009S0011W0280.wav,从官方提供的相关资料我们可以看到
/home/v2129375/dataset/aishell1/data_aishell/wav/train/S0194/BAC009S0194W0142.wav,比上一次报价涨了
/home/v2129375/dataset/aishell1/data_aishell/wav/train/S0335/BAC009S0335W0133.wav,中原地产首席分析师张大伟
/home/v2129375/dataset/aishell1/data_aishell/wav/train/S0218/BAC009S0218W0331.wav,其律师向法庭书记员出具相关材料
/home/v2129375/dataset/aishell1/data_aishell/wav/train/S0113/BAC009S0113W0179.wav,而到了三月份则为三百五十六万平方米
/home/v2129375/dataset/aishell1/data_aishell/wav/train/S0225/BAC009S0225W0322.wav,蓝宝石的结晶过程中
/home/v2129375/dataset/aishell1/data_aishell/wav/train/S0083/BAC009S0083W0150.wav,虽然多数小区都会收取停车费
/home/v2129375/dataset/aishell1/data_aishell/wav/train/S0228/BAC009S0228W0268.wav,不过与专利授权费合计
/home/v2129375/dataset/aishell1/data_aishell/wav/train/S0133/BAC009S0133W0209.wav,上海银监局昨日公布的数据显示
/home/v2129375/dataset/aishell1/data_aishell/wav/train/S0073/BAC009S0073W0244.wav,各地用户向警方报案至少涉案一千万元
/home/v2129375/dataset/aishell1/data_aishell/wav/train/S0523/BAC009S0523W0162.wav,在大城市表现得尤为明显
/home/v2129375/dataset/aishell1/data_aishell/wav/train/S0241/BAC009S0241W0153.wav,而房价涨价也可能会吓退楼市需求
/home/v2129375/dataset/aishell1/data_aishell/wav/train/S0350/BAC009S0350W0144.wav,万科为了捍卫老大位置
/home/v2129375/dataset/aishell1/data_aishell/wav/train/S0077/BAC009S0077W0171.wav,上海易居房地产研究院研究员严跃进也认为
/home/v2129375/dataset/aishell1/data_aishell/wav/train/S0050/BAC009S0050W0345.wav,但是在此被对手挣脱
/home/v2129375/dataset/aishell1/data_aishell/wav/train/S0058/BAC009S0058W0315.wav,巡游出租车主要是提供基本服务
/home/v2129375/dataset/aishell1/data_aishell/wav/train/S0155/BAC009S0155W0458.wav,事后范某因涉嫌扰乱公共交通工具上的秩序
/home/v2129375/dataset/aishell1/data_aishell/wav/train/S0597/BAC009S0597W0288.wav,与他二零零零年分拆联想相比
/home/v2129375/dataset/aishell1/data_aishell/wav/train/S0079/BAC009S0079W0252.wav,支持符合法定条件的水利企业首次公开发行股票并上市
/home/v2129375/dataset/aishell1/data_aishell/wav/train/S0523/BAC009S0523W0473.wav,姜昆到底有没有参与诈骗
/home/v2129375/dataset/aishell1/data_aishell/wav/train/S0220/BAC009S0220W0448.wav,使他们相信商品是在香港购买的
/home/v2129375/dataset/aishell1/data_aishell/wav/train/S0711/BAC009S0711W0304.wav,自五月中旬国务院印发中国制造二万一千零二十五以来
/home/v2129375/dataset/aishell1/data_aishell/wav/train/S0108/BAC009S0108W0359.wav,巴西完全是沾了国际排联主席是巴西人的光
/home/v2129375/dataset/aishell1/data_aishell/wav/train/S0038/BAC009S0038W0358.wav,荣耀赛进决赛是几代人的努力
/home/v2129375/dataset/aishell1/data_aishell/wav/train/S0051/BAC009S0051W0271.wav,并间接刺激露笑科技的业绩
/home/v2129375/dataset/aishell1/data_aishell/wav/train/S0051/BAC009S0051W0410.wav,该微博是夸赞黄维德帅气风流倜傥
/home/v2129375/dataset/aishell1/data_aishell/wav/train/S0421/BAC009S0421W0487.wav,此举是将资源充分利用
/home/v2129375/dataset/aishell1/data_aishell/wav/train/S0247/BAC009S0247W0434.wav,北京一工地施工现场主要道路未硬化被停工
/home/v2129375/dataset/aishell1/data_aishell/wav/train/S0081/BAC009S0081W0157.wav,记者二十五日上午在爆炸核心区现场看到
/home/v2129375/dataset/aishell1/data_aishell/wav/train/S0345/BAC009S0345W0272.wav,二零一三年第三季度
/home/v2129375/dataset/aishell1/data_aishell/wav/train/S0600/BAC009S0600W0465.wav,王某竟然叫自己的女友去卖身赚钱
/home/v2129375/dataset/aishell1/data_aishell/wav/train/S0175/BAC009S0175W0400.wav,在为期两天的活动中
/home/v2129375/dataset/aishell1/data_aishell/wav/train/S0242/BAC009S0242W0455.wav,下周是中秋节前最后一周
/home/v2129375/dataset/aishell1/data_aishell/wav/train/S0135/BAC009S0135W0229.wav,意在进一步改善新股价格形成机制的公平性和合理性
/home/v2129375/dataset/aishell1/data_aishell/wav/train/S0122/BAC009S0122W0373.wav,希望能坚持到二零一六年里约奥运会
/home/v2129375/dataset/aishell1/data_aishell/wav/train/S0350/BAC009S0350W0332.wav,全市工业机器人智能装备产业要加快发展
/home/v2129375/dataset/aishell1/data_aishell/wav/train/S0004/BAC009S0004W0381.wav,年内主要有四项任务
/home/v2129375/dataset/aishell1/data_aishell/wav/train/S0337/BAC009S0337W0216.wav,这炒新禁令是一个治标不治本的做法
/home/v2129375/dataset/aishell1/data_aishell/wav/train/S0519/BAC009S0519W0156.wav,房企海外融资利率看似低廉
/home/v2129375/dataset/aishell1/data_aishell/wav/train/S0360/BAC009S0360W0136.wav,较去年增长百分之一
/home/v2129375/dataset/aishell1/data_aishell/wav/train/S0079/BAC009S0079W0303.wav,东莞松山湖长盈精密技术有限公司
/home/v2129375/dataset/aishell1/data_aishell/wav/train/S0219/BAC009S0219W0136.wav,各参展企业共计推出三百套特价房源集中销售
/home/v2129375/dataset/aishell1/data_aishell/wav/train/S0353/BAC009S0353W0252.wav,清洁生产审核收费标准
/home/v2129375/dataset/aishell1/data_aishell/wav/train/S0163/BAC009S0163W0394.wav,风头正劲的闫西波即将再度回归擂台
/home/v2129375/dataset/aishell1/data_aishell/wav/train/S0173/BAC009S0173W0283.wav,并没有带新车前来的福特
/home/v2129375/dataset/aishell1/data_aishell/wav/train/S0130/BAC009S0130W0252.wav,上海证监局将根据证监会统一部署
/home/v2129375/dataset/aishell1/data_aishell/wav/train/S0120/BAC009S0120W0304.wav,这对我们而言成本压力是非常大的
/home/v2129375/dataset/aishell1/data_aishell/wav/train/S0079/BAC009S0079W0283.wav,举报者若索尼钻空子
/home/v2129375/dataset/aishell1/data_aishell/wav/train/S0194/BAC009S0194W0353.wav,中国游泳队的队员们陆续走出
/home/v2129375/dataset/aishell1/data_aishell/wav/train/S0199/BAC009S0199W0368.wav,由此建立起来的信心
/home/v2129375/dataset/aishell1/data_aishell/wav/train/S0203/BAC009S0203W0349.wav,涨幅最为明显的卡塔尔
/home/v2129375/dataset/aishell1/data_aishell/wav/train/S0186/BAC009S0186W0127.wav,构建一套标准的可复制的模式
/home/v2129375/dataset/aishell1/data_aishell/wav/train/S0351/BAC009S0351W0285.wav,才有三星今天的成长
/home/v2129375/dataset/aishell1/data_aishell/wav/train/S0010/BAC009S0010W0206.wav,例如更好的基础设施
/home/v2129375/dataset/aishell1/data_aishell/wav/train/S0125/BAC009S0125W0292.wav,尽管三星已公开否认了有关裁员的消息
/home/v2129375/dataset/aishell1/data_aishell/wav/train/S0079/BAC009S0079W0136.wav,袁菁向北京商报记者表示
/home/v2129375/dataset/aishell1/data_aishell/wav/train/S0244/BAC009S0244W0463.wav,在校期间认识了贩毒人员宝哥
/home/v2129375/dataset/aishell1/data_aishell/wav/train/S0138/BAC009S0138W0407.wav,自杀小队其实是一部带有喜感的电影
/home/v2129375/dataset/aishell1/data_aishell/wav/train/S0351/BAC009S0351W0155.wav,商业总建筑面积约一万平方米
/home/v2129375/dataset/aishell1/data_aishell/wav/train/S0091/BAC009S0091W0129.wav,将来其经营越来越依靠产品质量
/home/v2129375/dataset/aishell1/data_aishell/wav/train/S0349/BAC009S0349W0408.wav,徐若瑄卧床安胎至今一百三十五天
/home/v2129375/dataset/aishell1/data_aishell/wav/train/S0238/BAC009S0238W0183.wav,尤其是一二线重点城市
/home/v2129375/dataset/aishell1/data_aishell/wav/train/S0349/BAC009S0349W0244.wav,具体申请办法由各区县人民政府制定并公布
/home/v2129375/dataset/aishell1/data_aishell/wav/train/S0231/BAC009S0231W0397.wav,为保障活动顺利进行
/home/v2129375/dataset/aishell1/data_aishell/wav/train/S0153/BAC009S0153W0170.wav,上涨的城市有一百个
/home/v2129375/dataset/aishell1/data_aishell/wav/train/S0073/BAC009S0073W0266.wav,所以只需要规划好硬件空间使用就行
/home/v2129375/dataset/aishell1/data_aishell/wav/train/S0241/BAC009S0241W0174.wav,在各种利好政策的带动下
/home/v2129375/dataset/aishell1/data_aishell/wav/train/S0032/BAC009S0032W0424.wav,但是我的生活处于来不及的状态为了脚步不赶
/home/v2129375/dataset/aishell1/data_aishell/wav/train/S0246/BAC009S0246W0280.wav,传索尼终止头戴显示器项目
/home/v2129375/dataset/aishell1/data_aishell/wav/train/S0704/BAC009S0704W0322.wav,没有补贴就基本活不下去
/home/v2129375/dataset/aishell1/data_aishell/wav/train/S0067/BAC009S0067W0232.wav,召开精神卫生法会议
/home/v2129375/dataset/aishell1/data_aishell/wav/train/S0219/BAC009S0219W0329.wav,每个交易日收盘价的平均价格为十二点三元
/home/v2129375/dataset/aishell1/data_aishell/wav/train/S0238/BAC009S0238W0205.wav,上交所各交易和技术系统均运行正常
/home/v2129375/dataset/aishell1/data_aishell/wav/train/S0068/BAC009S0068W0460.wav,生活大爆炸第八季持证上岗
/home/v2129375/dataset/aishell1/data_aishell/wav/train/S0701/BAC009S0701W0434.wav,成都飞北京一航班遇空中颠簸部分人员受伤
/home/v2129375/dataset/aishell1/data_aishell/wav/train/S0713/BAC009S0713W0258.wav,对新的生物燃油的标准认证至少需要二年甚至更长
/home/v2129375/dataset/aishell1/data_aishell/wav/train/S0157/BAC009S0157W0340.wav,吸取会徽征选的教训
/home/v2129375/dataset/aishell1/data_aishell/wav/train/S0655/BAC009S0655W0413.wav,搜狐娱乐讯据台湾媒体报道
/home/v2129375/dataset/aishell1/data_aishell/wav/train/S0199/BAC009S0199W0182.wav,而越来越多的房企也迅速开始了拥抱互联网的实践
/home/v2129375/dataset/aishell1/data_aishell/wav/train/S0596/BAC009S0596W0357.wav,赛事规模和影响力越来越大
/home/v2129375/dataset/aishell1/data_aishell/wav/train/S0198/BAC009S0198W0236.wav,推动投资者正确使用评级结果
/home/v2129375/dataset/aishell1/data_aishell/wav/train/S0204/BAC009S0204W0304.wav,负责新加坡空军战斗机的管理研究和技术升级项目
/home/v2129375/dataset/aishell1/data_aishell/wav/train/S0059/BAC009S0059W0389.wav,直接去安踏旗舰店进行下一步的活动
/home/v2129375/dataset/aishell1/data_aishell/wav/train/S0510/BAC009S0510W0352.wav,扎基波夫再度杀出重围
/home/v2129375/dataset/aishell1/data_aishell/wav/train/S0361/BAC009S0361W0400.wav,我国的雪场总数为四五八家
/home/v2129375/dataset/aishell1/data_aishell/wav/train/S0122/BAC009S0122W0177.wav,中指监测的主要城市库存量环比上月下降百分之一点五
/home/v2129375/dataset/aishell1/data_aishell/wav/train/S0120/BAC009S0120W0432.wav,两地下造币工厂疯狂作案数百警力缴获假币二点一亿
/home/v2129375/dataset/aishell1/data_aishell/wav/train/S0217/BAC009S0217W0438.wav,连家里也是这个恶臭味
/home/v2129375/dataset/aishell1/data_aishell/wav/train/S0038/BAC009S0038W0368.wav,反应时间为零点一七五秒
/home/v2129375/dataset/aishell1/data_aishell/wav/train/S0117/BAC009S0117W0332.wav,大族激光系统解决方案从高端激光装备出发
/home/v2129375/dataset/aishell1/data_aishell/wav/train/S0042/BAC009S0042W0341.wav,美加州极致之旅于今日落幕
/home/v2129375/dataset/aishell1/data_aishell/wav/train/S0187/BAC009S0187W0311.wav,杨涛他们初办的工厂生不逢时
/home/v2129375/dataset/aishell1/data_aishell/wav/train/S0128/BAC009S0128W0395.wav,或者取成绩最好的前十二位选手
/home/v2129375/dataset/aishell1/data_aishell/wav/train/S0421/BAC009S0421W0201.wav,靠疯狂拓展业务规模提升保费收入
/home/v2129375/dataset/aishell1/data_aishell/wav/train/S0204/BAC009S0204W0291.wav,另外还拥有成千上万其他歌手的版权
/home/v2129375/dataset/aishell1/data_aishell/wav/train/S0228/BAC009S0228W0173.wav,何敏仪告诉理财周报记者
/home/v2129375/dataset/aishell1/data_aishell/wav/train/S0029/BAC009S0029W0254.wav,应用会给空乘人员提示乘客信息
/home/v2129375/dataset/aishell1/data_aishell/wav/train/S0239/BAC009S0239W0239.wav,与调查终结报告一起保存
/home/v2129375/dataset/aishell1/data_aishell/wav/train/S0227/BAC009S0227W0356.wav,体奥动力肯定不想做赔本买卖
/home/v2129375/dataset/aishell1/data_aishell/wav/train/S0701/BAC009S0701W0403.wav,上下午共一二堂训练课
/home/v2129375/dataset/aishell1/data_aishell/wav/train/S0019/BAC009S0019W0273.wav,企业对自己产品应具备的功能价值会更清晰
/home/v2129375/dataset/aishell1/data_aishell/wav/train/S0236/BAC009S0236W0194.wav,对审核工作流程进行电子化改造
/home/v2129375/dataset/aishell1/data_aishell/wav/train/S0149/BAC009S0149W0193.wav,在保险期间发生专利侵权纠纷的
/home/v2129375/dataset/aishell1/data_aishell/wav/train/S0192/BAC009S0192W0238.wav,个体业主个税起征点将上调
/home/v2129375/dataset/aishell1/data_aishell/wav/train/S0050/BAC009S0050W0326.wav,处于国内领先的技术水平
/home/v2129375/dataset/aishell1/data_aishell/wav/train/S0664/BAC009S0664W0242.wav,包头惠龙事件最新报道
/home/v2129375/dataset/aishell1/data_aishell/wav/train/S0134/BAC009S0134W0333.wav,日成交峰值达到六万馀吨
/home/v2129375/dataset/aishell1/data_aishell/wav/train/S0142/BAC009S0142W0438.wav,抗日是各类对外宣传和纪念活动中的关键词
/home/v2129375/dataset/aishell1/data_aishell/wav/train/S0116/BAC009S0116W0245.wav,协会秘书长安青松表示
/home/v2129375/dataset/aishell1/data_aishell/wav/train/S0349/BAC009S0349W0301.wav,夏普在市场竞争中处于劣势地位
/home/v2129375/dataset/aishell1/data_aishell/wav/train/S0116/BAC009S0116W0186.wav,中小房企更难以摆脱净利润下滑的困局
/home/v2129375/dataset/aishell1/data_aishell/wav/train/S0101/BAC009S0101W0433.wav,并处没收个人全部财产
/home/v2129375/dataset/aishell1/data_aishell/wav/train/S0702/BAC009S0702W0298.wav,市场分析师当前平均预计
/home/v2129375/dataset/aishell1/data_aishell/wav/train/S0099/BAC009S0099W0452.wav,这辆蓝色联盟出租车的司机正与旅客议价
/home/v2129375/dataset/aishell1/data_aishell/wav/train/S0125/BAC009S0125W0210.wav,提升有比较优势的大宗商品交易市场
/home/v2129375/dataset/aishell1/data_aishell/wav/train/S0065/BAC009S0065W0193.wav,这一点尤需加以注意
/home/v2129375/dataset/aishell1/data_aishell/wav/train/S0049/BAC009S0049W0368.wav,本次赛事共包含七场主赛和六场副赛
/home/v2129375/dataset/aishell1/data_aishell/wav/train/S0163/BAC009S0163W0308.wav,在比亚迪与力帆等民营汽车企业纷纷加码新能源的同时
/home/v2129375/dataset/aishell1/data_aishell/wav/train/S0188/BAC009S0188W0157.wav,据空港城管执法队的雷鸣队长介绍
/home/v2129375/dataset/aishell1/data_aishell/wav/train/S0158/BAC009S0158W0410.wav,周杰伦抱女儿过父亲节
/home/v2129375/dataset/aishell1/data_aishell/wav/train/S0087/BAC009S0087W0355.wav,自今年上旬赴泰国进行封闭式训练
/home/v2129375/dataset/aishell1/data_aishell/wav/train/S0184/BAC009S0184W0169.wav,再次塑造楼市日光盘
/home/v2129375/dataset/aishell1/data_aishell/wav/train/S0335/BAC009S0335W0331.wav,在向智能化转型的过程中
/home/v2129375/dataset/aishell1/data_aishell/wav/train/S0719/BAC009S0719W0181.wav,省城新房市场尝到了低价促销的甜头
/home/v2129375/dataset/aishell1/data_aishell/wav/train/S0098/BAC009S0098W0258.wav,根据会议日程透露的信息
/home/v2129375/dataset/aishell1/data_aishell/wav/train/S0361/BAC009S0361W0282.wav,凌琦我来谈谈中国这边的情况
/home/v2129375/dataset/aishell1/data_aishell/wav/train/S0712/BAC009S0712W0445.wav,而北京企业的短缺人数高于平均值
/home/v2129375/dataset/aishell1/data_aishell/wav/train/S0242/BAC009S0242W0307.wav,见习记者王欣北京合肥报道
/home/v2129375/dataset/aishell1/data_aishell/wav/train/S0128/BAC009S0128W0352.wav,而李玲蔚也有点抽枪
/home/v2129375/dataset/aishell1/data_aishell/wav/train/S0015/BAC009S0015W0196.wav,对医疗器械投资的主题也开始日渐清晰
/home/v2129375/dataset/aishell1/data_aishell/wav/train/S0105/BAC009S0105W0461.wav,乘客希望狗主人将狗抱起
/home/v2129375/dataset/aishell1/data_aishell/wav/train/S0210/BAC009S0210W0314.wav,工作原理却截然不同
/home/v2129375/dataset/aishell1/data_aishell/wav/train/S0134/BAC009S0134W0138.wav,今年八月东莞一手房量销量同比大涨
/home/v2129375/dataset/aishell1/data_aishell/wav/train/S0038/BAC009S0038W0321.wav,而在一天之前的四月十四日
/home/v2129375/dataset/aishell1/data_aishell/wav/train/S0118/BAC009S0118W0300.wav,只有先把产品做到极致
/home/v2129375/dataset/aishell1/data_aishell/wav/train/S0246/BAC009S0246W0122.wav,第五条下列不动产权利
/home/v2129375/dataset/aishell1/data_aishell/wav/train/S0144/BAC009S0144W0466.wav,中年女子报警称遭轮奸实为引诱未成年人聚众淫乱
/home/v2129375/dataset/aishell1/data_aishell/wav/train/S0127/BAC009S0127W0135.wav,且上涨城市的数量继续增加
/home/v2129375/dataset/aishell1/data_aishell/wav/train/S0004/BAC009S0004W0392.wav,对于句容男子王治国来说
/home/v2129375/dataset/aishell1/data_aishell/wav/train/S0093/BAC009S0093W0286.wav,以及低门槛和廉价的边际成本
/home/v2129375/dataset/aishell1/data_aishell/wav/train/S0599/BAC009S0599W0124.wav,而且回款速度也放缓
/home/v2129375/dataset/aishell1/data_aishell/wav/train/S0197/BAC009S0197W0292.wav,华星光电在三年前已经启动了对显示材料的研究
/home/v2129375/dataset/aishell1/data_aishell/wav/train/S0202/BAC009S0202W0399.wav,中国男排得益于亚锦赛季军世界排名升至第十九位
/home/v2129375/dataset/aishell1/data_aishell/wav/train/S0122/BAC009S0122W0148.wav,房价几乎不存在暴涨的可能性
/home/v2129375/dataset/aishell1/data_aishell/wav/train/S0661/BAC009S0661W0454.wav,这种事我们也报道不止一次了
/home/v2129375/dataset/aishell1/data_aishell/wav/train/S0510/BAC009S0510W0149.wav,在国务院统一部署下
/home/v2129375/dataset/aishell1/data_aishell/wav/train/S0168/BAC009S0168W0447.wav,此事是由一辆驾驶人涉嫌酒驾被交警查获引起
/home/v2129375/dataset/aishell1/data_aishell/wav/train/S0139/BAC009S0139W0326.wav,在中铁总描绘的货运版图中
/home/v2129375/dataset/aishell1/data_aishell/wav/train/S0351/BAC009S0351W0379.wav,六点牛肉大麦汤加上土耳其火鸡
/home/v2129375/dataset/aishell1/data_aishell/wav/train/S0038/BAC009S0038W0383.wav,之前外界对博尔特多有质疑之声
/home/v2129375/dataset/aishell1/data_aishell/wav/train/S0664/BAC009S0664W0243.wav,包头亿万富翁自焚案
/home/v2129375/dataset/aishell1/data_aishell/wav/train/S0014/BAC009S0014W0430.wav,但其实喝点葡萄酒都是健康的
/home/v2129375/dataset/aishell1/data_aishell/wav/train/S0234/BAC009S0234W0445.wav,前同事谈湖南耒阳文联主席工作务实但脾气大
/home/v2129375/dataset/aishell1/data_aishell/wav/train/S0140/BAC009S0140W0339.wav,世锦赛冠军头衔已追平林丹
/home/v2129375/dataset/aishell1/data_aishell/wav/train/S0657/BAC009S0657W0481.wav,这种细菌引发的感染可能致人死亡
/home/v2129375/dataset/aishell1/data_aishell/wav/train/S0166/BAC009S0166W0480.wav,待整改措施全面到位后重新启动门票收费
/home/v2129375/dataset/aishell1/data_aishell/wav/train/S0194/BAC009S0194W0486.wav,儿子为骗母亲钱自导绑架案连发一百三十条恐吓短信
/home/v2129375/dataset/aishell1/data_aishell/wav/train/S0083/BAC009S0083W0316.wav,随着一些地区劳动力缺乏现象日益严重
/home/v2129375/dataset/aishell1/data_aishell/wav/train/S0139/BAC009S0139W0224.wav,发放租金补贴十万户
/home/v2129375/dataset/aishell1/data_aishell/wav/train/S0081/BAC009S0081W0211.wav,记者从住房城乡建设部获悉
/home/v2129375/dataset/aishell1/data_aishell/wav/train/S0214/BAC009S0214W0166.wav,立足于国内市场发展将会更有商机
/home/v2129375/dataset/aishell1/data_aishell/wav/train/S0156/BAC009S0156W0428.wav,中新网五月二十一日报道据台湾东森新闻消息
/home/v2129375/dataset/aishell1/data_aishell/wav/train/S0048/BAC009S0048W0436.wav,从今天起要分组领号排队参观
/home/v2129375/dataset/aishell1/data_aishell/wav/train/S0069/BAC009S0069W0236.wav,其中主岛面积三百平方公里
/home/v2129375/dataset/aishell1/data_aishell/wav/train/S0342/BAC009S0342W0469.wav,王明清向记者展示寻人卡
/home/v2129375/dataset/aishell1/data_aishell/wav/train/S0114/BAC009S0114W0192.wav,董事会专门委员会工作不到位
/home/v2129375/dataset/aishell1/data_aishell/wav/train/S0042/BAC009S0042W0170.wav,这场改革注定没有和风细雨
/home/v2129375/dataset/aishell1/data_aishell/wav/train/S0659/BAC009S0659W0131.wav,让市场的归市场这一切的发生
/home/v2129375/dataset/aishell1/data_aishell/wav/train/S0229/BAC009S0229W0348.wav,为自己取名安赛龙的他不仅能够以普通话简单交流
/home/v2129375/dataset/aishell1/data_aishell/wav/train/S0123/BAC009S0123W0354.wav,之前的女子一百米决赛
/home/v2129375/dataset/aishell1/data_aishell/wav/train/S0127/BAC009S0127W0491.wav,请行人注意安全的标示牌
/home/v2129375/dataset/aishell1/data_aishell/wav/train/S0512/BAC009S0512W0240.wav,一方面从经济效益上来看
/home/v2129375/dataset/aishell1/data_aishell/wav/train/S0709/BAC009S0709W0176.wav,有助于提高房购者的资金杠杆
/home/v2129375/dataset/aishell1/data_aishell/wav/train/S0517/BAC009S0517W0232.wav,包装成信托产品然后包销
/home/v2129375/dataset/aishell1/data_aishell/wav/train/S0026/BAC009S0026W0321.wav,在二零二零年产值将突破万亿元
/home/v2129375/dataset/aishell1/data_aishell/wav/train/S0094/BAC009S0094W0224.wav,这些都将加剧运力过剩局面
/home/v2129375/dataset/aishell1/data_aishell/wav/train/S0239/BAC009S0239W0320.wav,让迟迟未能启动的新能源汽车销售终于迎来了业
/home/v2129375/dataset/aishell1/data_aishell/wav/train/S0354/BAC009S0354W0398.wav,她无奈地说我要是知道为什么
/home/v2129375/dataset/aishell1/data_aishell/wav/train/S0149/BAC009S0149W0429.wav,搜狐娱乐讯据台湾媒体报道
/home/v2129375/dataset/aishell1/data_aishell/wav/train/S0171/BAC009S0171W0243.wav,规划还提出将着力培育龙头企业
/home/v2129375/dataset/aishell1/data_aishell/wav/train/S0151/BAC009S0151W0160.wav,未来楼市需求的减弱是不可避免的
/home/v2129375/dataset/aishell1/data_aishell/wav/train/S0521/BAC009S0521W0324.wav,将推动相关政策法规更加完善
/home/v2129375/dataset/aishell1/data_aishell/wav/train/S0154/BAC009S0154W0261.wav,力争到二零二零年的收入总额达到四千亿美元
/home/v2129375/dataset/aishell1/data_aishell/wav/train/S0090/BAC009S0090W0462.wav,造成一人重伤一人轻伤
/home/v2129375/dataset/aishell1/data_aishell/wav/train/S0097/BAC009S0097W0475.wav,上海持证街头艺人扩编无明确标价常引尴尬
/home/v2129375/dataset/aishell1/data_aishell/wav/train/S0049/BAC009S0049W0405.wav,全场可谓熟脸扎堆
/home/v2129375/dataset/aishell1/data_aishell/wav/train/S0702/BAC009S0702W0428.wav,并写道飞弟我跟你说
/home/v2129375/dataset/aishell1/data_aishell/wav/train/S0063/BAC009S0063W0287.wav,接下来测试来消息的情况
/home/v2129375/dataset/aishell1/data_aishell/wav/train/S0076/BAC009S0076W0319.wav,成果的转化还需要土壤
/home/v2129375/dataset/aishell1/data_aishell/wav/train/S0154/BAC009S0154W0488.wav,京华时报讯记者迟名前天晚上
/home/v2129375/dataset/aishell1/data_aishell/wav/train/S0193/BAC009S0193W0490.wav,但卡里的钱却莫名在境外被刷三万多元
/home/v2129375/dataset/aishell1/data_aishell/wav/train/S0355/BAC009S0355W0188.wav,但具体到一台市场上售价达到数百元的豆浆机来说
/home/v2129375/dataset/aishell1/data_aishell/wav/train/S0357/BAC009S0357W0431.wav,员工耍霸王假连续旷工十五天被开除获赔万元
/home/v2129375/dataset/aishell1/data_aishell/wav/train/S0031/BAC009S0031W0390.wav,九月四号走进周口市体育馆
/home/v2129375/dataset/aishell1/data_aishell/wav/train/S0509/BAC009S0509W0445.wav,却被色狼一巴掌将脸打歪
/home/v2129375/dataset/aishell1/data_aishell/wav/train/S0095/BAC009S0095W0230.wav,这样一来就会造成我国航运发展的空洞化
/home/v2129375/dataset/aishell1/data_aishell/wav/train/S0024/BAC009S0024W0437.wav,将柜台女员工眼皮砸裂
/home/v2129375/dataset/aishell1/data_aishell/wav/train/S0153/BAC009S0153W0280.wav,据韩国先驱报报道
/home/v2129375/dataset/aishell1/data_aishell/wav/train/S0068/BAC009S0068W0305.wav,但也可能只能暂时停泊
/home/v2129375/dataset/aishell1/data_aishell/wav/train/S0095/BAC009S0095W0411.wav,怀孕七个多月的台湾名模隋棠今日更新微博
/home/v2129375/dataset/aishell1/data_aishell/wav/train/S0002/BAC009S0002W0437.wav,五岁男孩下身被烧伤
/home/v2129375/dataset/aishell1/data_aishell/wav/train/S0202/BAC009S0202W0473.wav,我和高大爷住一个单元
/home/v2129375/dataset/aishell1/data_aishell/wav/train/S0165/BAC009S0165W0302.wav,彰显佩戴者诸如地位或者个性的外部价值
/home/v2129375/dataset/aishell1/data_aishell/wav/train/S0074/BAC009S0074W0461.wav,她左手中指粉碎性骨折
/home/v2129375/dataset/aishell1/data_aishell/wav/train/S0708/BAC009S0708W0356.wav,最终以五百八十七点零零分的
/home/v2129375/dataset/aishell1/data_aishell/wav/train/S0105/BAC009S0105W0175.wav,即大城市在汲取小城市的购买力和政策利好
/home/v2129375/dataset/aishell1/data_aishell/wav/train/S0088/BAC009S0088W0467.wav,上海一小区电梯咬人居民进出要像泥鳅一样
/home/v2129375/dataset/aishell1/data_aishell/wav/train/S0250/BAC009S0250W0419.wav,并附文称我们爱干妈
/home/v2129375/dataset/aishell1/data_aishell/wav/train/S0094/BAC009S0094W0375.wav,二上述奖金将按照中国税法规定
/home/v2129375/dataset/aishell1/data_aishell/wav/train/S0104/BAC009S0104W0167.wav,房地产调整亦出现了新的困境
/home/v2129375/dataset/aishell1/data_aishell/wav/train/S0162/BAC009S0162W0305.wav,政策始终是市场最直观的风向标
/home/v2129375/dataset/aishell1/data_aishell/wav/train/S0241/BAC009S0241W0256.wav,一切企业软件的设计创新都是为了提升效率
/home/v2129375/dataset/aishell1/data_aishell/wav/train/S0701/BAC009S0701W0213.wav,不该有特权群体
/home/v2129375/dataset/aishell1/data_aishell/wav/train/S0044/BAC009S0044W0156.wav,三十一家企业合计六月成交额一千九百二十点三二亿
/home/v2129375/dataset/aishell1/data_aishell/wav/train/S0004/BAC009S0004W0184.wav,全国房地产有八万亿元销售额
/home/v2129375/dataset/aishell1/data_aishell/wav/train/S0217/BAC009S0217W0429.wav,她又犯了一个禁忌
/home/v2129375/dataset/aishell1/data_aishell/wav/train/S0058/BAC009S0058W0244.wav,婚姻法新司法解释甫一出台
/home/v2129375/dataset/aishell1/data_aishell/wav/train/S0123/BAC009S0123W0249.wav,保险业资金总额
/home/v2129375/dataset/aishell1/data_aishell/wav/train/S0089/BAC009S0089W0493.wav,被强拆的私人奇石盆景博物馆原貌照片
/home/v2129375/dataset/aishell1/data_aishell/wav/train/S0164/BAC009S0164W0343.wav,准备好接受这样的视觉震撼了吗
/home/v2129375/dataset/aishell1/data_aishell/wav/train/S0208/BAC009S0208W0365.wav,也请那个我拥抱着的姐儿加油
/home/v2129375/dataset/aishell1/data_aishell/wav/train/S0171/BAC009S0171W0446.wav,京港澳高速阎村段积水临时封路
/home/v2129375/dataset/aishell1/data_aishell/wav/train/S0710/BAC009S0710W0443.wav,北京市民在多家银行网点外排队兑换纪念币
/home/v2129375/dataset/aishell1/data_aishell/wav/train/S0109/BAC009S0109W0490.wav,专家高校经费分配不均衡不利于平等竞争
/home/v2129375/dataset/aishell1/data_aishell/wav/train/S0007/BAC009S0007W0409.wav,非常令人不齿
/home/v2129375/dataset/aishell1/data_aishell/wav/train/S0353/BAC009S0353W0374.wav,打击兴奋剂得到舆论大力支持
/home/v2129375/dataset/aishell1/data_aishell/wav/train/S0342/BAC009S0342W0230.wav,各类交易活动中频频出现投机和价格操纵行为
/home/v2129375/dataset/aishell1/data_aishell/wav/train/S0175/BAC009S0175W0159.wav,本季度全国租金环比仅微升百分之零点一
/home/v2129375/dataset/aishell1/data_aishell/wav/train/S0150/BAC009S0150W0304.wav,同时却也制造出更多拥堵
/home/v2129375/dataset/aishell1/data_aishell/wav/train/S0040/BAC009S0040W0479.wav,加之部分人自身的浮躁和急功近利
/home/v2129375/dataset/aishell1/data_aishell/wav/train/S0361/BAC009S0361W0341.wav,快则四五个小时搞定
/home/v2129375/dataset/aishell1/data_aishell/wav/train/S0058/BAC009S0058W0223.wav,商务部国际市场研究副部主任研究员白明表示
/home/v2129375/dataset/aishell1/data_aishell/wav/train/S0174/BAC009S0174W0369.wav,我回家后就可以搬回去了
/home/v2129375/dataset/aishell1/data_aishell/wav/train/S0164/BAC009S0164W0318.wav,在传统彩电制造厂商遭遇互联网冲击的同时
/home/v2129375/dataset/aishell1/data_aishell/wav/train/S0074/BAC009S0074W0476.wav,老人被送医急救所幸无大碍
/home/v2129375/dataset/aishell1/data_aishell/wav/train/S0132/BAC009S0132W0292.wav,这样的产品你认同么
/home/v2129375/dataset/aishell1/data_aishell/wav/train/S0181/BAC009S0181W0335.wav,该项目设计产能为每月十二万片玻璃基板
/home/v2129375/dataset/aishell1/data_aishell/wav/train/S0346/BAC009S0346W0487.wav,合肥市民王先生驾驶依维柯客车
/home/v2129375/dataset/aishell1/data_aishell/wav/train/S0520/BAC009S0520W0234.wav,假如债券从一级市场发售
/home/v2129375/dataset/aishell1/data_aishell/wav/train/S0056/BAC009S0056W0412.wav,说真的她一年前注册时也不瘦
/home/v2129375/dataset/aishell1/data_aishell/wav/train/S0226/BAC009S0226W0351.wav,内容说各大学应停止招收体育特长生
/home/v2129375/dataset/aishell1/data_aishell/wav/train/S0215/BAC009S0215W0319.wav,新能源小客车中签率降至百分之三十八
/home/v2129375/dataset/aishell1/data_aishell/wav/train/S0068/BAC009S0068W0344.wav,会像个孩子一样开心
/home/v2129375/dataset/aishell1/data_aishell/wav/train/S0201/BAC009S0201W0162.wav,根据北京市国土局公开资料显示
/home/v2129375/dataset/aishell1/data_aishell/wav/train/S0212/BAC009S0212W0318.wav,同比下滑百分之五十二点六
/home/v2129375/dataset/aishell1/data_aishell/wav/train/S0206/BAC009S0206W0416.wav,网友纷纷猜测是不是舒淇外出工作
/home/v2129375/dataset/aishell1/data_aishell/wav/train/S0160/BAC009S0160W0264.wav,市场份额被索尼三星等蚕食
/home/v2129375/dataset/aishell1/data_aishell/wav/train/S0712/BAC009S0712W0416.wav,一会对镜头吐舌卖萌
/home/v2129375/dataset/aishell1/data_aishell/wav/train/S0227/BAC009S0227W0407.wav,国际电影大师吕克贝松执导
/home/v2129375/dataset/aishell1/data_aishell/wav/train/S0142/BAC009S0142W0277.wav,三星也要做无人机了
/home/v2129375/dataset/aishell1/data_aishell/wav/train/S0102/BAC009S0102W0121.wav,到目前为止已经有多地发布房地产刺激政策
/home/v2129375/dataset/aishell1/data_aishell/wav/train/S0085/BAC009S0085W0133.wav,部分正是由股市转入楼市的买家
/home/v2129375/dataset/aishell1/data_aishell/wav/train/S0024/BAC009S0024W0451.wav,九零后小伙扮女装深夜招嫖因颜值低遭拒还被打劫
/home/v2129375/dataset/aishell1/data_aishell/wav/train/S0215/BAC009S0215W0278.wav,然而正如人们质疑的那样
/home/v2129375/dataset/aishell1/data_aishell/wav/train/S0423/BAC009S0423W0373.wav,以及实验室工作人员一共二百人队伍迎接世锦赛
/home/v2129375/dataset/aishell1/data_aishell/wav/train/S0206/BAC009S0206W0229.wav,货币政策不存在大幅放松的空间
/home/v2129375/dataset/aishell1/data_aishell/wav/train/S0180/BAC009S0180W0428.wav,咏诗则意有所指
/home/v2129375/dataset/aishell1/data_aishell/wav/train/S0135/BAC009S0135W0437.wav,中国校园欺凌现象调查打人或被打都是受害者
/home/v2129375/dataset/aishell1/data_aishell/wav/train/S0511/BAC009S0511W0205.wav,这一千套公租房是这样凑出来的
/home/v2129375/dataset/aishell1/data_aishell/wav/train/S0233/BAC009S0233W0224.wav,把所有在境内外上市的中国企业加总在一起计算
/home/v2129375/dataset/aishell1/data_aishell/wav/train/S0103/BAC009S0103W0325.wav,软件的开发不仅应用于咕咚手环
/home/v2129375/dataset/aishell1/data_aishell/wav/train/S0243/BAC009S0243W0493.wav,事故共造成八车受损
/home/v2129375/dataset/aishell1/data_aishell/wav/train/S0058/BAC009S0058W0477.wav,罪犯坐十七年冤狱获赔成土豪媒婆提亲踏破门
/home/v2129375/dataset/aishell1/data_aishell/wav/train/S0349/BAC009S0349W0336.wav,软件在互联网加的东风下也突飞猛进
/home/v2129375/dataset/aishell1/data_aishell/wav/train/S0036/BAC009S0036W0393.wav,不过要刻苦训练才能追的上人家哦
/home/v2129375/dataset/aishell1/data_aishell/wav/train/S0243/BAC009S0243W0481.wav,手机排线六点六万馀片
/home/v2129375/dataset/aishell1/data_aishell/wav/train/S0515/BAC009S0515W0330.wav,央视等媒体使用无人机航拍的视频画面让人印象深刻
/home/v2129375/dataset/aishell1/data_aishell/wav/train/S0221/BAC009S0221W0174.wav,如果因税负加重而不得不调整开发重点
/home/v2129375/dataset/aishell1/data_aishell/wav/train/S0169/BAC009S0169W0304.wav,为什么种子期孵化器却那么少
/home/v2129375/dataset/aishell1/data_aishell/wav/train/S0233/BAC009S0233W0399.wav,本次活动有很多女性选手报名参加
/home/v2129375/dataset/aishell1/data_aishell/wav/train/S0043/BAC009S0043W0154.wav,作为上海格林兰投资企业的执行合伙人
/home/v2129375/dataset/aishell1/data_aishell/wav/train/S0060/BAC009S0060W0331.wav,相关研究工作从三方面展开的
/home/v2129375/dataset/aishell1/data_aishell/wav/train/S0192/BAC009S0192W0494.wav,查获一起外国人偷渡案
/home/v2129375/dataset/aishell1/data_aishell/wav/train/S0342/BAC009S0342W0431.wav,新手司机以为是天上掉馅饼
/home/v2129375/dataset/aishell1/data_aishell/wav/train/S0178/BAC009S0178W0158.wav,四季度经济缓中趋稳伴随十月经济数据公布
/home/v2129375/dataset/aishell1/data_aishell/wav/train/S0118/BAC009S0118W0312.wav,与进口机器人相比仍有较大差距
/home/v2129375/dataset/aishell1/data_aishell/wav/train/S0210/BAC009S0210W0343.wav,今天的金牌会激励我向梦想前进
/home/v2129375/dataset/aishell1/data_aishell/wav/train/S0229/BAC009S0229W0243.wav,主要分市区两级管理
/home/v2129375/dataset/aishell1/data_aishell/wav/train/S0007/BAC009S0007W0312.wav,然而这种基于几何特征的人脸识别技术并不成熟
/home/v2129375/dataset/aishell1/data_aishell/wav/train/S0063/BAC009S0063W0190.wav,可以采取门票预约等方式
/home/v2129375/dataset/aishell1/data_aishell/wav/train/S0038/BAC009S0038W0323.wav,抢在苹果之前
/home/v2129375/dataset/aishell1/data_aishell/wav/train/S0068/BAC009S0068W0185.wav,中原地产首席分析师张大伟表示
/home/v2129375/dataset/aishell1/data_aishell/wav/train/S0056/BAC009S0056W0367.wav,共有二百多名运动员参赛
/home/v2129375/dataset/aishell1/data_aishell/wav/train/S0238/BAC009S0238W0345.wav,占海华就在自己的手机里设置了四个闹钟
/home/v2129375/dataset/aishell1/data_aishell/wav/train/S0046/BAC009S0046W0197.wav,徐建新在临安当地有相当的知名度
/home/v2129375/dataset/aishell1/data_aishell/wav/train/S0039/BAC009S0039W0385.wav,还增强了他们克服障碍的信心
/home/v2129375/dataset/aishell1/data_aishell/wav/train/S0722/BAC009S0722W0289.wav,良品率是非常重要的
/home/v2129375/dataset/aishell1/data_aishell/wav/train/S0051/BAC009S0051W0151.wav,价格下降的城市有六十一个
/home/v2129375/dataset/aishell1/data_aishell/wav/train/S0120/BAC009S0120W0189.wav,在煤化工领域没有任何优势
/home/v2129375/dataset/aishell1/data_aishell/wav/train/S0065/BAC009S0065W0436.wav,但刘慈欣对这一奖项却并未表现出太多的期待
/home/v2129375/dataset/aishell1/data_aishell/wav/train/S0197/BAC009S0197W0158.wav,潜在买家对借款成本将下降的预期可能鼓励他们购房
/home/v2129375/dataset/aishell1/data_aishell/wav/train/S0169/BAC009S0169W0185.wav,同比涨幅百分之四十
/home/v2129375/dataset/aishell1/data_aishell/wav/train/S0118/BAC009S0118W0144.wav,房企们激烈的竞争让这宗地块含金量格外高
/home/v2129375/dataset/aishell1/data_aishell/wav/train/S0121/BAC009S0121W0387.wav,拿到自己的世锦赛首金
/home/v2129375/dataset/aishell1/data_aishell/wav/train/S0095/BAC009S0095W0136.wav,化明显上述国家统计局数据显示
/home/v2129375/dataset/aishell1/data_aishell/wav/train/S0145/BAC009S0145W0242.wav,一逾两呆是根据贷款期限而进行的事后监管方法
/home/v2129375/dataset/aishell1/data_aishell/wav/train/S0337/BAC009S0337W0428.wav,搜狐娱乐讯据台湾媒体报道
/home/v2129375/dataset/aishell1/data_aishell/wav/train/S0129/BAC009S0129W0244.wav,碳排放权价格的模型
/home/v2129375/dataset/aishell1/data_aishell/wav/train/S0048/BAC009S0048W0328.wav,佛山市对工业机器人的需求巨大
/home/v2129375/dataset/aishell1/data_aishell/wav/train/S0348/BAC009S0348W0456.wav,一些美容机构或个人非法注射玻尿酸
/home/v2129375/dataset/aishell1/data_aishell/wav/train/S0046/BAC009S0046W0359.wav,频频有跑马拉松做运动的照片曝出
/home/v2129375/dataset/aishell1/data_aishell/wav/train/S0711/BAC009S0711W0321.wav,根据记者的不完全统计
/home/v2129375/dataset/aishell1/data_aishell/wav/train/S0170/BAC009S0170W0146.wav,预订选位支付等环节都在线上完成
/home/v2129375/dataset/aishell1/data_aishell/wav/train/S0184/BAC009S0184W0209.wav,银监会继续将表外业务纳入监管重点
/home/v2129375/dataset/aishell1/data_aishell/wav/train/S0192/BAC009S0192W0454.wav,天心区法院开庭审理此案
/home/v2129375/dataset/aishell1/data_aishell/wav/train/S0168/BAC009S0168W0440.wav,法制晚报讯实习记者张婷今天上午
/home/v2129375/dataset/aishell1/data_aishell/wav/train/S0195/BAC009S0195W0339.wav,最根本的原因就是我们的目标不高信心不足
/home/v2129375/dataset/aishell1/data_aishell/wav/train/S0127/BAC009S0127W0230.wav,尽管我们还没有收到政策的正式通知
/home/v2129375/dataset/aishell1/data_aishell/wav/train/S0353/BAC009S0353W0124.wav,前海人寿争夺控权失利
/home/v2129375/dataset/aishell1/data_aishell/wav/train/S0209/BAC009S0209W0156.wav,一增一减之间给房企带来的便是更多的负债
/home/v2129375/dataset/aishell1/data_aishell/wav/train/S0513/BAC009S0513W0155.wav,往往很难符合本土消费群体的国情
/home/v2129375/dataset/aishell1/data_aishell/wav/train/S0509/BAC009S0509W0322.wav,在增强企业自身实力的同时
/home/v2129375/dataset/aishell1/data_aishell/wav/train/S0172/BAC009S0172W0229.wav,考虑到台资劵商主要以自营经纪等业务为主
/home/v2129375/dataset/aishell1/data_aishell/wav/train/S0349/BAC009S0349W0318.wav,再到此次分区免清洗洗衣机引领的健康分区洗
/home/v2129375/dataset/aishell1/data_aishell/wav/train/S0015/BAC009S0015W0215.wav,剧毒化学品目录
/home/v2129375/dataset/aishell1/data_aishell/wav/train/S0190/BAC009S0190W0436.wav,轨交警方破获一起轨交车厢内发生的盗窃案
/home/v2129375/dataset/aishell1/data_aishell/wav/train/S0336/BAC009S0336W0403.wav,四名次奖获得者分别颁发奖盘一个奖牌一枚
/home/v2129375/dataset/aishell1/data_aishell/wav/train/S0120/BAC009S0120W0184.wav,住宅投资占全国房地产开发投资的比重超过三分之二
/home/v2129375/dataset/aishell1/data_aishell/wav/train/S0166/BAC009S0166W0275.wav,三星如今也不走高端智能手机的路线
/home/v2129375/dataset/aishell1/data_aishell/wav/train/S0006/BAC009S0006W0308.wav,在计算机深度学习技术近年取得突破后
/home/v2129375/dataset/aishell1/data_aishell/wav/train/S0195/BAC009S0195W0199.wav,而中医中药主要针对的领域就是慢性病
/home/v2129375/dataset/aishell1/data_aishell/wav/train/S0597/BAC009S0597W0440.wav,深圳罗湖公安分局已对该案作撤案处理
/home/v2129375/dataset/aishell1/data_aishell/wav/train/S0128/BAC009S0128W0334.wav,可直观高效地帮助提升足球训练水平
/home/v2129375/dataset/aishell1/data_aishell/wav/train/S0244/BAC009S0244W0342.wav,没能在任何一个项目上折桂
/home/v2129375/dataset/aishell1/data_aishell/wav/train/S0338/BAC009S0338W0451.wav,其后继续向东北方向移动
/home/v2129375/dataset/aishell1/data_aishell/wav/train/S0708/BAC009S0708W0209.wav,落后产能产能的界定标准这两年发生了变化
/home/v2129375/dataset/aishell1/data_aishell/wav/train/S0717/BAC009S0717W0405.wav,也是诸多神秘生物的栖息之地
/home/v2129375/dataset/aishell1/data_aishell/wav/train/S0103/BAC009S0103W0365.wav,如今是不是成为了你的禁区
/home/v2129375/dataset/aishell1/data_aishell/wav/train/S0155/BAC009S0155W0328.wav,从去年的销售情况来看
/home/v2129375/dataset/aishell1/data_aishell/wav/train/S0027/BAC009S0027W0387.wav,跑到三五公里的时候我真的感觉那种极限的感觉来了
/home/v2129375/dataset/aishell1/data_aishell/wav/train/S0222/BAC009S0222W0356.wav,唐人马球马术俱乐部董事长
/home/v2129375/dataset/aishell1/data_aishell/wav/train/S0076/BAC009S0076W0405.wav,从布光的预告片来看
/home/v2129375/dataset/aishell1/data_aishell/wav/train/S0355/BAC009S0355W0144.wav,希望做一个绿色企业
/home/v2129375/dataset/aishell1/data_aishell/wav/train/S0511/BAC009S0511W0275.wav,最起码没有因为不想见记者
/home/v2129375/dataset/aishell1/data_aishell/wav/train/S0205/BAC009S0205W0204.wav,除北京上海两市外
/home/v2129375/dataset/aishell1/data_aishell/wav/train/S0708/BAC009S0708W0178.wav,监管部门此前出台的根据地域差异
/home/v2129375/dataset/aishell1/data_aishell/wav/train/S0220/BAC009S0220W0416.wav,曾和韩瑜交往过四年的艺人李政颖
/home/v2129375/dataset/aishell1/data_aishell/wav/train/S0072/BAC009S0072W0218.wav,并对企业实行动态监测和分类管理
/home/v2129375/dataset/aishell1/data_aishell/wav/train/S0130/BAC009S0130W0307.wav,一位技术专家向记者做了形象比喻
/home/v2129375/dataset/aishell1/data_aishell/wav/train/S0521/BAC009S0521W0455.wav,回家与丈夫在沙发上看电视剧
/home/v2129375/dataset/aishell1/data_aishell/wav/train/S0005/BAC009S0005W0195.wav,才能重建声誉让全球的投资者再次对他们有信心
/home/v2129375/dataset/aishell1/data_aishell/wav/train/S0061/BAC009S0061W0454.wav,路痴小偷只记住二七塔
/home/v2129375/dataset/aishell1/data_aishell/wav/train/S0183/BAC009S0183W0494.wav,晨报记者宋杰报道昨日
/home/v2129375/dataset/aishell1/data_aishell/wav/train/S0128/BAC009S0128W0226.wav,在目前对人民币长期升值的预期下
/home/v2129375/dataset/aishell1/data_aishell/wav/train/S0241/BAC009S0241W0372.wav,谈到自己保持良好身材的秘诀
/home/v2129375/dataset/aishell1/data_aishell/wav/train/S0167/BAC009S0167W0485.wav,南京雨花台警方接到湖南末阳市警方消息
/home/v2129375/dataset/aishell1/data_aishell/wav/train/S0049/BAC009S0049W0306.wav,国务院于五月初公布了中国制造二万一千零二十五
/home/v2129375/dataset/aishell1/data_aishell/wav/train/S0711/BAC009S0711W0171.wav,城市之间不论供需博弈还是量价变动
/home/v2129375/dataset/aishell1/data_aishell/wav/train/S0158/BAC009S0158W0398.wav,五角大楼局部结构损坏并坍塌
/home/v2129375/dataset/aishell1/data_aishell/wav/train/S0247/BAC009S0247W0244.wav,两会及派出机构将密切配合
/home/v2129375/dataset/aishell1/data_aishell/wav/train/S0202/BAC009S0202W0129.wav,另一个好处就是可以联合土地一级开发商
/home/v2129375/dataset/aishell1/data_aishell/wav/train/S0193/BAC009S0193W0379.wav,孙杨一千五百米自由泳决赛前意外退赛
/home/v2129375/dataset/aishell1/data_aishell/wav/train/S0051/BAC009S0051W0384.wav,第三回合双方依然比较谨慎
/home/v2129375/dataset/aishell1/data_aishell/wav/train/S0219/BAC009S0219W0180.wav,一区多园式大框架囊括福州厦门泉州平潭
/home/v2129375/dataset/aishell1/data_aishell/wav/train/S0197/BAC009S0197W0448.wav,兄妹河边嬉戏不慎落水妹妹被救哥哥不幸溺亡
/home/v2129375/dataset/aishell1/data_aishell/wav/train/S0008/BAC009S0008W0186.wav,将确立其在一线城市的领军地位
/home/v2129375/dataset/aishell1/data_aishell/wav/train/S0124/BAC009S0124W0434.wav,涉嫌敲诈勒索罪被刑事拘留
/home/v2129375/dataset/aishell1/data_aishell/wav/train/S0714/BAC009S0714W0180.wav,三三零新政不期而至
/home/v2129375/dataset/aishell1/data_aishell/wav/train/S0512/BAC009S0512W0437.wav,小丽于当晚永远的离开了人世
/home/v2129375/dataset/aishell1/data_aishell/wav/train/S0512/BAC009S0512W0408.wav,他拍戏表现好好
/home/v2129375/dataset/aishell1/data_aishell/wav/train/S0072/BAC009S0072W0190.wav,大公的评级是客观公正的
/home/v2129375/dataset/aishell1/data_aishell/wav/train/S0050/BAC009S0050W0138.wav,这也是境内公司债受到民企追捧的重要原因
/home/v2129375/dataset/aishell1/data_aishell/wav/train/S0169/BAC009S0169W0191.wav,六段外控护栏管接线图
/home/v2129375/dataset/aishell1/data_aishell/wav/train/S0084/BAC009S0084W0349.wav,在我们进行体育锻炼的时候
/home/v2129375/dataset/aishell1/data_aishell/wav/train/S0071/BAC009S0071W0389.wav,新兴的赛事如雨后春笋一样
/home/v2129375/dataset/aishell1/data_aishell/wav/train/S0597/BAC009S0597W0124.wav,复华置地董事长王新在当天的发布会上强调
/home/v2129375/dataset/aishell1/data_aishell/wav/train/S0024/BAC009S0024W0359.wav,有现场工作人员递上矿泉水
/home/v2129375/dataset/aishell1/data_aishell/wav/train/S0353/BAC009S0353W0353.wav,田径运动魅力征服一切
/home/v2129375/dataset/aishell1/data_aishell/wav/train/S0110/BAC009S0110W0196.wav,上交所抑炒新扶蓝筹
/home/v2129375/dataset/aishell1/data_aishell/wav/train/S0655/BAC009S0655W0316.wav,又存在什么安全隐患
/home/v2129375/dataset/aishell1/data_aishell/wav/train/S0107/BAC009S0107W0492.wav,受害村民家再遭骚扰
/home/v2129375/dataset/aishell1/data_aishell/wav/train/S0099/BAC009S0099W0481.wav,晨报讯先是自称文工团女演员
/home/v2129375/dataset/aishell1/data_aishell/wav/train/S0213/BAC009S0213W0344.wav,让训练环境和气氛更有亲和力
/home/v2129375/dataset/aishell1/data_aishell/wav/train/S0015/BAC009S0015W0205.wav,相关公司股票走势
/home/v2129375/dataset/aishell1/data_aishell/wav/train/S0139/BAC009S0139W0127.wav,包括建行工行农行首套房贷利率都在八点八折
/home/v2129375/dataset/aishell1/data_aishell/wav/train/S0701/BAC009S0701W0224.wav,公务员缴纳的参保费
/home/v2129375/dataset/aishell1/data_aishell/wav/train/S0223/BAC009S0223W0404.wav,对于超人的威胁到底有多大
/home/v2129375/dataset/aishell1/data_aishell/wav/train/S0083/BAC009S0083W0377.wav,毕竟这只是超级联赛
/home/v2129375/dataset/aishell1/data_aishell/wav/train/S0712/BAC009S0712W0495.wav,但在拆迁组长吴某的帮助下
/home/v2129375/dataset/aishell1/data_aishell/wav/train/S0228/BAC009S0228W0236.wav,曾汉林则以单位犯罪的主要责任人被定罪
/home/v2129375/dataset/aishell1/data_aishell/wav/train/S0073/BAC009S0073W0153.wav,房地产企业和海外融资难度提高
/home/v2129375/dataset/aishell1/data_aishell/wav/train/S0231/BAC009S0231W0130.wav,八月北上广深成交量整体降幅超过百分之二十
/home/v2129375/dataset/aishell1/data_aishell/wav/train/S0338/BAC009S0338W0434.wav,茂名水上旅游风景区全部高速客船确已停航
/home/v2129375/dataset/aishell1/data_aishell/wav/train/S0240/BAC009S0240W0447.wav,附近村民发生后报警并施救
/home/v2129375/dataset/aishell1/data_aishell/wav/train/S0184/BAC009S0184W0301.wav,全球市场排名已经下滑至第十五名
/home/v2129375/dataset/aishell1/data_aishell/wav/train/S0160/BAC009S0160W0164.wav,合同销售金额
/home/v2129375/dataset/aishell1/data_aishell/wav/train/S0041/BAC009S0041W0208.wav,既没有承认继续由平安证券保荐
/home/v2129375/dataset/aishell1/data_aishell/wav/train/S0109/BAC009S0109W0323.wav,但没有人放弃自己平台的建设
/home/v2129375/dataset/aishell1/data_aishell/wav/train/S0179/BAC009S0179W0445.wav,任性男女坐错公交车从车窗跳下因车等红灯未受伤
/home/v2129375/dataset/aishell1/data_aishell/wav/train/S0067/BAC009S0067W0149.wav,预计房价同比降幅将会收窄
/home/v2129375/dataset/aishell1/data_aishell/wav/train/S0251/BAC009S0251W0274.wav,国内互联网金融大佬们千万不要掉以轻心
/home/v2129375/dataset/aishell1/data_aishell/wav/train/S0087/BAC009S0087W0490.wav,抢走了一名女子装有两万元现金的包
/home/v2129375/dataset/aishell1/data_aishell/wav/train/S0133/BAC009S0133W0363.wav,卡特科尔阿什梅德博尔特再次战胜美国队夺冠
/home/v2129375/dataset/aishell1/data_aishell/wav/train/S0352/BAC009S0352W0319.wav,新能源汽车也将成为北京未来的发展方向
/home/v2129375/dataset/aishell1/data_aishell/wav/train/S0029/BAC009S0029W0362.wav,谢震业和莫有雪再次强调了一下细节的处理
/home/v2129375/dataset/aishell1/data_aishell/wav/train/S0421/BAC009S0421W0300.wav,库克同性恋不是新鲜事
/home/v2129375/dataset/aishell1/data_aishell/wav/train/S0710/BAC009S0710W0367.wav,将产生不同程度的推动作用
/home/v2129375/dataset/aishell1/data_aishell/wav/train/S0104/BAC009S0104W0160.wav,七十个城市房价同比首次由降转升
/home/v2129375/dataset/aishell1/data_aishell/wav/train/S0191/BAC009S0191W0446.wav,夫妻俩投入股市的钱就被牢牢套死了
/home/v2129375/dataset/aishell1/data_aishell/wav/train/S0145/BAC009S0145W0421.wav,并将在八月在港补摆喜酒
/home/v2129375/dataset/aishell1/data_aishell/wav/train/S0249/BAC009S0249W0379.wav,并且取得了最近的二连胜
/home/v2129375/dataset/aishell1/data_aishell/wav/train/S0122/BAC009S0122W0415.wav,前去参加巴黎时装周的石贞善并没有受婚变传闻影响
/home/v2129375/dataset/aishell1/data_aishell/wav/train/S0345/BAC009S0345W0125.wav,三好社区幸福小镇的命题核心
/home/v2129375/dataset/aishell1/data_aishell/wav/train/S0226/BAC009S0226W0309.wav,针对伯恩光学与露笑科技的结盟
/home/v2129375/dataset/aishell1/data_aishell/wav/train/S0182/BAC009S0182W0437.wav,京华时报讯记者古晓宇昨天
/home/v2129375/dataset/aishell1/data_aishell/wav/train/S0233/BAC009S0233W0146.wav,在上海深圳等一线城市
/home/v2129375/dataset/aishell1/data_aishell/wav/train/S0101/BAC009S0101W0308.wav,产能爬坡是多个因素导致的
/home/v2129375/dataset/aishell1/data_aishell/wav/train/S0041/BAC009S0041W0466.wav,骗取王某及其家人财产
/home/v2129375/dataset/aishell1/data_aishell/wav/train/S0008/BAC009S0008W0218.wav,并组织产险公司进行了样本公司测试
/home/v2129375/dataset/aishell1/data_aishell/wav/train/S0168/BAC009S0168W0339.wav,中国将在两项大赛的带动下
/home/v2129375/dataset/aishell1/data_aishell/wav/train/S0069/BAC009S0069W0329.wav,后续的配套也要逐步根据标准改动
/home/v2129375/dataset/aishell1/data_aishell/wav/train/S0054/BAC009S0054W0167.wav,根据中原地产发布的针对二十二个城市的监测报告显示
/home/v2129375/dataset/aishell1/data_aishell/wav/train/S0044/BAC009S0044W0429.wav,没想到四日晚九把刀到实践大学力挺柯震东演讲
/home/v2129375/dataset/aishell1/data_aishell/wav/train/S0153/BAC009S0153W0169.wav,价格下降的城市二百个
/home/v2129375/dataset/aishell1/data_aishell/wav/train/S0352/BAC009S0352W0192.wav,对于资产业务的独立性要求
/home/v2129375/dataset/aishell1/data_aishell/wav/train/S0104/BAC009S0104W0410.wav,因不知歌手出场时间空等一个多小时
/home/v2129375/dataset/aishell1/data_aishell/wav/train/S0144/BAC009S0144W0395.wav,但准备会的六名成员竟无一人是设计界专业人士
/home/v2129375/dataset/aishell1/data_aishell/wav/train/S0250/BAC009S0250W0340.wav,今天双方将进行后五场比赛的争夺
/home/v2129375/dataset/aishell1/data_aishell/wav/train/S0081/BAC009S0081W0281.wav,拥有七万多付费用户
/home/v2129375/dataset/aishell1/data_aishell/wav/train/S0136/BAC009S0136W0341.wav,张培萌跑出了十秒零四的惊人成绩
/home/v2129375/dataset/aishell1/data_aishell/wav/train/S0208/BAC009S0208W0432.wav,公司逼怀孕员工离职法院判其赔员工三万馀元
/home/v2129375/dataset/aishell1/data_aishell/wav/train/S0716/BAC009S0716W0181.wav,一些小型中介甚至跑路
/home/v2129375/dataset/aishell1/data_aishell/wav/train/S0345/BAC009S0345W0390.wav,其中二人低血糖二人严重脱血二人心梗
/home/v2129375/dataset/aishell1/data_aishell/wav/train/S0176/BAC009S0176W0299.wav,即使政府提供一半补贴
/home/v2129375/dataset/aishell1/data_aishell/wav/train/S0714/BAC009S0714W0434.wav,一条拔牙影响记忆的消息广为流传
/home/v2129375/dataset/aishell1/data_aishell/wav/train/S0194/BAC009S0194W0235.wav,而且还呈上升的趋势
/home/v2129375/dataset/aishell1/data_aishell/wav/train/S0601/BAC009S0601W0284.wav,起床难是每个上班族都会遇到问题
/home/v2129375/dataset/aishell1/data_aishell/wav/train/S0074/BAC009S0074W0178.wav,成为带动一二线土地市场回暖的主要动因
/home/v2129375/dataset/aishell1/data_aishell/wav/train/S0166/BAC009S0166W0419.wav,周杰伦晒出和老婆凌昆以及岳母的合影
/home/v2129375/dataset/aishell1/data_aishell/wav/train/S0053/BAC009S0053W0205.wav,第十七条本办法自公布之日起施行
/home/v2129375/dataset/aishell1/data_aishell/wav/train/S0421/BAC009S0421W0122.wav,还有多家房地产上市公司同样面临存货大增的局面
/home/v2129375/dataset/aishell1/data_aishell/wav/train/S0134/BAC009S0134W0416.wav,要更加民主的和她谈问题
/home/v2129375/dataset/aishell1/data_aishell/wav/train/S0040/BAC009S0040W0253.wav,花费六五百万美元进行研发
/home/v2129375/dataset/aishell1/data_aishell/wav/train/S0714/BAC009S0714W0126.wav,陶红兵称做到五千万利润一点问题也没有
/home/v2129375/dataset/aishell1/data_aishell/wav/train/S0361/BAC009S0361W0428.wav,而功夫瑜伽是中国和印度首部合拍片
/home/v2129375/dataset/aishell1/data_aishell/wav/train/S0010/BAC009S0010W0310.wav,但人脸识别在金融领域和安防领域有所不同
/home/v2129375/dataset/aishell1/data_aishell/wav/train/S0094/BAC009S0094W0474.wav,上海地铁方面已查获一点六万人次各类逃票人员
/home/v2129375/dataset/aishell1/data_aishell/wav/train/S0238/BAC009S0238W0485.wav,晚上准时回家吃饭的比例只有四分之一
/home/v2129375/dataset/aishell1/data_aishell/wav/train/S0204/BAC009S0204W0184.wav,导致项目资金亏空楼盘烂尾
/home/v2129375/dataset/aishell1/data_aishell/wav/train/S0064/BAC009S0064W0322.wav,国内外的智能硬件团队都还没有形成气候和生态
/home/v2129375/dataset/aishell1/data_aishell/wav/train/S0246/BAC009S0246W0305.wav,对于推自主品牌电视
/home/v2129375/dataset/aishell1/data_aishell/wav/train/S0512/BAC009S0512W0296.wav,另一方面旭东更善于面对媒体
/home/v2129375/dataset/aishell1/data_aishell/wav/train/S0087/BAC009S0087W0464.wav,两名医生遭患者家属暴力殴打
/home/v2129375/dataset/aishell1/data_aishell/wav/train/S0016/BAC009S0016W0182.wav,但业内人士已经开始理性思考这股风潮
/home/v2129375/dataset/aishell1/data_aishell/wav/train/S0195/BAC009S0195W0447.wav,称塘溪卫生院厕所内有人在进行毒品交易
/home/v2129375/dataset/aishell1/data_aishell/wav/train/S0054/BAC009S0054W0413.wav,古天乐于十四年前为无线演出的电视剧寻秦记
/home/v2129375/dataset/aishell1/data_aishell/wav/train/S0664/BAC009S0664W0125.wav,中小房企基本上都看不到了
/home/v2129375/dataset/aishell1/data_aishell/wav/train/S0026/BAC009S0026W0340.wav,除了针对炎热的天气进行了训练
/home/v2129375/dataset/aishell1/data_aishell/wav/train/S0663/BAC009S0663W0460.wav,而灾后也将发放三个月的过渡期生活救助
/home/v2129375/dataset/aishell1/data_aishell/wav/train/S0140/BAC009S0140W0404.wav,虽然该片大明星云集
/home/v2129375/dataset/aishell1/data_aishell/wav/train/S0167/BAC009S0167W0370.wav,蛰伏已久的中国足球
/home/v2129375/dataset/aishell1/data_aishell/wav/train/S0020/BAC009S0020W0363.wav,加拿大德国肯尼亚牙买加美国则瓜分剩馀五金
/home/v2129375/dataset/aishell1/data_aishell/wav/train/S0095/BAC009S0095W0248.wav,将针对审计发现的问题
/home/v2129375/dataset/aishell1/data_aishell/wav/train/S0181/BAC009S0181W0425.wav,夏天不断转动跟爸爸一直聊天
/home/v2129375/dataset/aishell1/data_aishell/wav/train/S0047/BAC009S0047W0257.wav,而竞争对手三星在华市场份额却在持续缩水
/home/v2129375/dataset/aishell1/data_aishell/wav/train/S0153/BAC009S0153W0413.wav,某诊所封区为小周周打卡介苗
/home/v2129375/dataset/aishell1/data_aishell/wav/train/S0251/BAC009S0251W0235.wav,结合市场发展的需要
/home/v2129375/dataset/aishell1/data_aishell/wav/train/S0057/BAC009S0057W0156.wav,而且有的地方还出台了集体建设用地流转的政策法规
/home/v2129375/dataset/aishell1/data_aishell/wav/train/S0059/BAC009S0059W0483.wav,批发价的涨幅则超过了百分之七十六
/home/v2129375/dataset/aishell1/data_aishell/wav/train/S0228/BAC009S0228W0195.wav,在一定量的范围当中对人体是安全的
/home/v2129375/dataset/aishell1/data_aishell/wav/train/S0067/BAC009S0067W0393.wav,在今年八月的北京世锦赛上
/home/v2129375/dataset/aishell1/data_aishell/wav/train/S0362/BAC009S0362W0422.wav,对晒签名书的粉丝表示顺利收到就好
/home/v2129375/dataset/aishell1/data_aishell/wav/train/S0062/BAC009S0062W0322.wav,互动性将是超级电脑研究人脑工程的重要基础
/home/v2129375/dataset/aishell1/data_aishell/wav/train/S0243/BAC009S0243W0140.wav,新春感恩特惠
/home/v2129375/dataset/aishell1/data_aishell/wav/train/S0245/BAC009S0245W0263.wav,此前黑莓引以为傲的安全性能
/home/v2129375/dataset/aishell1/data_aishell/wav/train/S0340/BAC009S0340W0176.wav,意外地在最后几天火了一把
/home/v2129375/dataset/aishell1/data_aishell/wav/train/S0170/BAC009S0170W0222.wav,在卫星遥感监测的基础上
/home/v2129375/dataset/aishell1/data_aishell/wav/train/S0350/BAC009S0350W0383.wav,当饶静文说到这里时
/home/v2129375/dataset/aishell1/data_aishell/wav/train/S0662/BAC009S0662W0223.wav,这些制度障碍的存在会制造出劳动力供需摩擦
/home/v2129375/dataset/aishell1/data_aishell/wav/train/S0082/BAC009S0082W0388.wav,跑者普世价值远不止这些
/home/v2129375/dataset/aishell1/data_aishell/wav/train/S0156/BAC009S0156W0454.wav,浑身留下十一处弹孔
/home/v2129375/dataset/aishell1/data_aishell/wav/train/S0161/BAC009S0161W0204.wav,但丙类户是目前债市中活跃的交易群体
/home/v2129375/dataset/aishell1/data_aishell/wav/train/S0052/BAC009S0052W0309.wav,收盘价二十七点零六元以及南风股份三万四
/home/v2129375/dataset/aishell1/data_aishell/wav/train/S0343/BAC009S0343W0472.wav,给孩子们补了全票四百元后才上车
/home/v2129375/dataset/aishell1/data_aishell/wav/train/S0247/BAC009S0247W0252.wav,指导意见的发布
/home/v2129375/dataset/aishell1/data_aishell/wav/train/S0073/BAC009S0073W0445.wav,欧阳大柱与妻女国庆期间看望邱富姣夫妇
/home/v2129375/dataset/aishell1/data_aishell/wav/train/S0093/BAC009S0093W0340.wav,将为所有执着于自我蜕变和坚定自信的女性跑者
/home/v2129375/dataset/aishell1/data_aishell/wav/train/S0223/BAC009S0223W0396.wav,为宝贵的八强入场券放手一搏
/home/v2129375/dataset/aishell1/data_aishell/wav/train/S0516/BAC009S0516W0467.wav,原始来源是台湾某宅男论坛
/home/v2129375/dataset/aishell1/data_aishell/wav/train/S0054/BAC009S0054W0160.wav,一些中小企业表现也很抢眼
/home/v2129375/dataset/aishell1/data_aishell/wav/train/S0218/BAC009S0218W0475.wav,而案件中多项焦点争议难去
/home/v2129375/dataset/aishell1/data_aishell/wav/train/S0138/BAC009S0138W0148.wav,在预测未来房地产市场走势向好的同时
/home/v2129375/dataset/aishell1/data_aishell/wav/train/S0224/BAC009S0224W0270.wav,成功了实物化了就是创新
/home/v2129375/dataset/aishell1/data_aishell/wav/train/S0656/BAC009S0656W0465.wav,一零时零三分就发布了高温橙色预警信号
/home/v2129375/dataset/aishell1/data_aishell/wav/train/S0721/BAC009S0721W0311.wav,在中电投集团和中电国际任职期间
/home/v2129375/dataset/aishell1/data_aishell/wav/train/S0226/BAC009S0226W0301.wav,物联网只是人类进入虚拟与现实结合之前的过渡
/home/v2129375/dataset/aishell1/data_aishell/wav/train/S0660/BAC009S0660W0410.wav,在圈内传为佳话
/home/v2129375/dataset/aishell1/data_aishell/wav/train/S0656/BAC009S0656W0358.wav,最后她坦言在比赛中不会关注其他人的表现
/home/v2129375/dataset/aishell1/data_aishell/wav/train/S0517/BAC009S0517W0252.wav,信披违法违规屡禁不止的背后
/home/v2129375/dataset/aishell1/data_aishell/wav/train/S0050/BAC009S0050W0206.wav,因其涉及公众投资者
/home/v2129375/dataset/aishell1/data_aishell/wav/train/S0111/BAC009S0111W0405.wav,施瓦辛格没有出现在海报中
/home/v2129375/dataset/aishell1/data_aishell/wav/train/S0075/BAC009S0075W0346.wav,而钠会锁住体内水分
/home/v2129375/dataset/aishell1/data_aishell/wav/train/S0717/BAC009S0717W0450.wav,和千千万万个电脑爱好者不同
/home/v2129375/dataset/aishell1/data_aishell/wav/train/S0190/BAC009S0190W0372.wav,也要积极创造一切条件
/home/v2129375/dataset/aishell1/data_aishell/wav/train/S0163/BAC009S0163W0324.wav,而在大众在华的中期计划里
/home/v2129375/dataset/aishell1/data_aishell/wav/train/S0092/BAC009S0092W0471.wav,多个消息源向中国青年报记者证实
/home/v2129375/dataset/aishell1/data_aishell/wav/train/S0075/BAC009S0075W0285.wav,移动用户之间的交互影响更为明显
/home/v2129375/dataset/aishell1/data_aishell/wav/train/S0111/BAC009S0111W0268.wav,这为下一步制定具体的执行方案打下了基础
/home/v2129375/dataset/aishell1/data_aishell/wav/train/S0028/BAC009S0028W0387.wav,李辉阳要么是一个隐形富豪
/home/v2129375/dataset/aishell1/data_aishell/wav/train/S0049/BAC009S0049W0225.wav,财政部税务局住建部央行等中央职能部门
/home/v2129375/dataset/aishell1/data_aishell/wav/train/S0205/BAC009S0205W0495.wav,通讯员润萱现代快报记者林智
/home/v2129375/dataset/aishell1/data_aishell/wav/train/S0033/BAC009S0033W0414.wav,刘若英婚后出席新书我敢在你怀里孤独签书会
/home/v2129375/dataset/aishell1/data_aishell/wav/train/S0521/BAC009S0521W0214.wav,而又想提前享受消费的人群
/home/v2129375/dataset/aishell1/data_aishell/wav/train/S0352/BAC009S0352W0255.wav,文章关键词三星
/home/v2129375/dataset/aishell1/data_aishell/wav/train/S0199/BAC009S0199W0228.wav,按照风险可控商业可持续原则给予积极支持
/home/v2129375/dataset/aishell1/data_aishell/wav/train/S0345/BAC009S0345W0370.wav,今年北马设有公益跑和亲子跑等其他参与形式
/home/v2129375/dataset/aishell1/data_aishell/wav/train/S0034/BAC009S0034W0229.wav,能解决的问题绝不推脱
/home/v2129375/dataset/aishell1/data_aishell/wav/train/S0201/BAC009S0201W0123.wav,受益于今年以来不断回暖的省城住宅市场
/home/v2129375/dataset/aishell1/data_aishell/wav/train/S0116/BAC009S0116W0256.wav,而是与当地政府以及渠道商之间的深层次关系
/home/v2129375/dataset/aishell1/data_aishell/wav/train/S0245/BAC009S0245W0225.wav,本次修订还以年报准则为依据
/home/v2129375/dataset/aishell1/data_aishell/wav/train/S0145/BAC009S0145W0270.wav,三星以两千五百四十一项专利排在第一位
/home/v2129375/dataset/aishell1/data_aishell/wav/train/S0112/BAC009S0112W0268.wav,微软二零一四年十一月的数据显示
/home/v2129375/dataset/aishell1/data_aishell/wav/train/S0203/BAC009S0203W0333.wav,亿航旗下除了旗舰产品
/home/v2129375/dataset/aishell1/data_aishell/wav/train/S0098/BAC009S0098W0242.wav,三部门发布对外投资国别产业指引
/home/v2129375/dataset/aishell1/data_aishell/wav/train/S0515/BAC009S0515W0395.wav,希望通过这些趣味动作吸引更多观众的注目
/home/v2129375/dataset/aishell1/data_aishell/wav/train/S0128/BAC009S0128W0264.wav,并主导了朗讯公司的股票上市计划
/home/v2129375/dataset/aishell1/data_aishell/wav/train/S0228/BAC009S0228W0355.wav,但毕竟是向上的趋势
/home/v2129375/dataset/aishell1/data_aishell/wav/train/S0033/BAC009S0033W0306.wav,就是为了在合作中学习
/home/v2129375/dataset/aishell1/data_aishell/wav/train/S0351/BAC009S0351W0136.wav,拿出一定比例用于发展众创空间
/home/v2129375/dataset/aishell1/data_aishell/wav/train/S0054/BAC009S0054W0462.wav,在好心人的帮助下张洪江开始摆摊修鞋谋生
/home/v2129375/dataset/aishell1/data_aishell/wav/train/S0113/BAC009S0113W0478.wav,希望更多人认识她们的偶像
/home/v2129375/dataset/aishell1/data_aishell/wav/train/S0157/BAC009S0157W0310.wav,全球成长型公司被视为市场的开拓者创新者与塑造者
/home/v2129375/dataset/aishell1/data_aishell/wav/train/S0192/BAC009S0192W0153.wav,长安街的特殊政治与地理因素
/home/v2129375/dataset/aishell1/data_aishell/wav/train/S0130/BAC009S0130W0374.wav,尽管接连遭遇女单全军复没林丹未进四强
/home/v2129375/dataset/aishell1/data_aishell/wav/train/S0174/BAC009S0174W0151.wav,在外墙开窗管道井均保持不变的情况下
/home/v2129375/dataset/aishell1/data_aishell/wav/train/S0090/BAC009S0090W0335.wav,同比二零零九分别增长了二十二点百分之四和二十二点百分之五
/home/v2129375/dataset/aishell1/data_aishell/wav/train/S0089/BAC009S0089W0408.wav,台湾名媛关颖微博透露自己提前产下一女
/home/v2129375/dataset/aishell1/data_aishell/wav/train/S0522/BAC009S0522W0207.wav,但信用证信托业与票据信托类似
/home/v2129375/dataset/aishell1/data_aishell/wav/train/S0095/BAC009S0095W0464.wav,当时电梯下降时的速度不快
/home/v2129375/dataset/aishell1/data_aishell/wav/train/S0206/BAC009S0206W0169.wav,天洋城四代也是燕郊本次房价快速上涨的代表项目
/home/v2129375/dataset/aishell1/data_aishell/wav/train/S0014/BAC009S0014W0454.wav,七岁男童和猪一起生活全家人泔水当饭吃图
/home/v2129375/dataset/aishell1/data_aishell/wav/train/S0136/BAC009S0136W0484.wav,中国电梯安全标准与欧盟等效但维保环节问题多
/home/v2129375/dataset/aishell1/data_aishell/wav/train/S0093/BAC009S0093W0312.wav,华为和中兴都在通讯技术领域有很强的技术积累
/home/v2129375/dataset/aishell1/data_aishell/wav/train/S0046/BAC009S0046W0259.wav,其中将包括多任务画面等更多新功能
/home/v2129375/dataset/aishell1/data_aishell/wav/train/S0350/BAC009S0350W0136.wav,绿地已跻身世界五百强企业
/home/v2129375/dataset/aishell1/data_aishell/wav/train/S0178/BAC009S0178W0313.wav,提供非巡游的预约出租汽车服务的经营活动
/home/v2129375/dataset/aishell1/data_aishell/wav/train/S0033/BAC009S0033W0401.wav,首战五比一击败乔斯威尔
/home/v2129375/dataset/aishell1/data_aishell/wav/train/S0223/BAC009S0223W0302.wav,一个只有在后视镜里才能证实的泡影
/home/v2129375/dataset/aishell1/data_aishell/wav/train/S0361/BAC009S0361W0213.wav,基本住房保障条例草案第四十一条四十二条规定
/home/v2129375/dataset/aishell1/data_aishell/wav/train/S0043/BAC009S0043W0252.wav,该交易获利超过六十万元
/home/v2129375/dataset/aishell1/data_aishell/wav/train/S0089/BAC009S0089W0151.wav,呈现涨价量少的局面
/home/v2129375/dataset/aishell1/data_aishell/wav/train/S0241/BAC009S0241W0226.wav,明确发布的形式程序效力等内容
/home/v2129375/dataset/aishell1/data_aishell/wav/train/S0177/BAC009S0177W0401.wav,在里约奥运会倒计时一周年的时候
/home/v2129375/dataset/aishell1/data_aishell/wav/train/S0523/BAC009S0523W0344.wav,西装搭调牛仔尽显阳光帅气
/home/v2129375/dataset/aishell1/data_aishell/wav/train/S0196/BAC009S0196W0426.wav,搜狐娱乐讯据台湾媒体报道
/home/v2129375/dataset/aishell1/data_aishell/wav/train/S0092/BAC009S0092W0374.wav,二零一四二零一五赛季
/home/v2129375/dataset/aishell1/data_aishell/wav/train/S0355/BAC009S0355W0456.wav,含中国儒学典籍韩国木刻板申遗成功
/home/v2129375/dataset/aishell1/data_aishell/wav/train/S0336/BAC009S0336W0313.wav,乐视就宣布进军电视机市场
/home/v2129375/dataset/aishell1/data_aishell/wav/train/S0009/BAC009S0009W0366.wav,部分路段泥泞和陡峭相结合
/home/v2129375/dataset/aishell1/data_aishell/wav/train/S0109/BAC009S0109W0132.wav,朱震对二十一世纪经济报道记者毫不避讳自己的现状
/home/v2129375/dataset/aishell1/data_aishell/wav/train/S0140/BAC009S0140W0387.wav,而张培萌自上届世锦赛跑出十秒整后
/home/v2129375/dataset/aishell1/data_aishell/wav/train/S0252/BAC009S0252W0442.wav,而嫌疑人高某某已经被警方刑事拘留
/home/v2129375/dataset/aishell1/data_aishell/wav/train/S0235/BAC009S0235W0437.wav,重庆晨报讯记者景然我真的不想和你在一起了
/home/v2129375/dataset/aishell1/data_aishell/wav/train/S0596/BAC009S0596W0191.wav,农业政策必须与时俱进
/home/v2129375/dataset/aishell1/data_aishell/wav/train/S0015/BAC009S0015W0453.wav,此后还拒绝与男方见面
/home/v2129375/dataset/aishell1/data_aishell/wav/train/S0178/BAC009S0178W0233.wav,一位参与报告执笔的专家告诉记者
/home/v2129375/dataset/aishell1/data_aishell/wav/train/S0107/BAC009S0107W0469.wav,该公司相关负责人不在被调查的五人之中
/home/v2129375/dataset/aishell1/data_aishell/wav/train/S0221/BAC009S0221W0424.wav,他承认吸食毒品
/home/v2129375/dataset/aishell1/data_aishell/wav/train/S0193/BAC009S0193W0276.wav,到如今库克将中国区列为海外市场的重中之重
/home/v2129375/dataset/aishell1/data_aishell/wav/train/S0185/BAC009S0185W0362.wav,已经收到帆船队队员落水的消息
/home/v2129375/dataset/aishell1/data_aishell/wav/train/S0021/BAC009S0021W0478.wav,有所怀疑的居民打电话报警
/home/v2129375/dataset/aishell1/data_aishell/wav/train/S0137/BAC009S0137W0430.wav,搜狐娱乐讯据港媒报道
/home/v2129375/dataset/aishell1/data_aishell/wav/train/S0055/BAC009S0055W0199.wav,你希望同中方在反腐败方面达成何种合作
/home/v2129375/dataset/aishell1/data_aishell/wav/train/S0194/BAC009S0194W0484.wav,儿子不慎落水父亲全力托举儿获救父不幸遇难
/home/v2129375/dataset/aishell1/data_aishell/wav/train/S0059/BAC009S0059W0183.wav,所以目前库存不足的风险已经发出了警告
/home/v2129375/dataset/aishell1/data_aishell/wav/train/S0220/BAC009S0220W0125.wav,目前还很难判断营改增后房地产企业税负增减情况
/home/v2129375/dataset/aishell1/data_aishell/wav/train/S0103/BAC009S0103W0164.wav,并不十分受市场青睐
/home/v2129375/dataset/aishell1/data_aishell/wav/train/S0202/BAC009S0202W0190.wav,中方考虑何时承认过渡委
/home/v2129375/dataset/aishell1/data_aishell/wav/train/S0715/BAC009S0715W0492.wav,我们才能看到一丝的光明
/home/v2129375/dataset/aishell1/data_aishell/wav/train/S0103/BAC009S0103W0129.wav,二线城市房价同比跌涨互现
/home/v2129375/dataset/aishell1/data_aishell/wav/train/S0066/BAC009S0066W0192.wav,发行人应在中国证劵登记结算有限责任公司办理登记
/home/v2129375/dataset/aishell1/data_aishell/wav/train/S0363/BAC009S0363W0331.wav,这一事件的背后主要在于当
/home/v2129375/dataset/aishell1/data_aishell/wav/train/S0116/BAC009S0116W0279.wav,一名深圳的平板厂商负责人对笔者表示
/home/v2129375/dataset/aishell1/data_aishell/wav/train/S0220/BAC009S0220W0319.wav,证券市场系统风险是存在的
/home/v2129375/dataset/aishell1/data_aishell/wav/train/S0243/BAC009S0243W0444.wav,随后乘客在家人陪同下离开车站
/home/v2129375/dataset/aishell1/data_aishell/wav/train/S0228/BAC009S0228W0435.wav,说的正是当今高企的聘金
/home/v2129375/dataset/aishell1/data_aishell/wav/train/S0663/BAC009S0663W0489.wav,造成四辆小车不同程度损毁
/home/v2129375/dataset/aishell1/data_aishell/wav/train/S0205/BAC009S0205W0207.wav,主要污染物排放总量远超环境容量
/home/v2129375/dataset/aishell1/data_aishell/wav/train/S0234/BAC009S0234W0325.wav,充电桩的盈利模式具体是怎样的呢
/home/v2129375/dataset/aishell1/data_aishell/wav/train/S0049/BAC009S0049W0386.wav,并且拿到上位优势对下面小牛头人进行碎拳压制
/home/v2129375/dataset/aishell1/data_aishell/wav/train/S0713/BAC009S0713W0490.wav,赵英男在妈妈和医护人员陪同下许愿
/home/v2129375/dataset/aishell1/data_aishell/wav/train/S0212/BAC009S0212W0276.wav,韩系代表三星电子加快争夺全球市场
/home/v2129375/dataset/aishell1/data_aishell/wav/train/S0034/BAC009S0034W0171.wav,金融街和金地公司的股权相对分散
/home/v2129375/dataset/aishell1/data_aishell/wav/train/S0044/BAC009S0044W0185.wav,环比上个季度略有上升
/home/v2129375/dataset/aishell1/data_aishell/wav/train/S0218/BAC009S0218W0194.wav,相关公司股票走势兴业证券
/home/v2129375/dataset/aishell1/data_aishell/wav/train/S0045/BAC009S0045W0341.wav,比赛将邀请八位中国选手出战
/home/v2129375/dataset/aishell1/data_aishell/wav/train/S0515/BAC009S0515W0456.wav,奶奶喂白糖致五岁孙子身亡疑亚硝酸盐中毒
/home/v2129375/dataset/aishell1/data_aishell/wav/train/S0240/BAC009S0240W0289.wav,这些操作不需要输入很多数字
/home/v2129375/dataset/aishell1/data_aishell/wav/train/S0666/BAC009S0666W0354.wav,半决赛则排名第五顺利晋级到决赛当中
/home/v2129375/dataset/aishell1/data_aishell/wav/train/S0349/BAC009S0349W0316.wav,同质化下的洗衣机变革搜狐科技
/home/v2129375/dataset/aishell1/data_aishell/wav/train/S0175/BAC009S0175W0361.wav,引擎声轰鸣由远及近
/home/v2129375/dataset/aishell1/data_aishell/wav/train/S0335/BAC009S0335W0416.wav,唯一不同的是
/home/v2129375/dataset/aishell1/data_aishell/wav/train/S0068/BAC009S0068W0486.wav,画藏自治区即将迎来成立五十周年华诞
/home/v2129375/dataset/aishell1/data_aishell/wav/train/S0064/BAC009S0064W0336.wav,凯格尔大师并不是原晶推向海外市场的第一款产品
/home/v2129375/dataset/aishell1/data_aishell/wav/train/S0347/BAC009S0347W0183.wav,例如浦东陆家嘴周边的经济外溢区
/home/v2129375/dataset/aishell1/data_aishell/wav/train/S0067/BAC009S0067W0346.wav,让更多的人参与跑步
/home/v2129375/dataset/aishell1/data_aishell/wav/train/S0160/BAC009S0160W0466.wav,图片由魏先生提供吐槽黄金周
/home/v2129375/dataset/aishell1/data_aishell/wav/train/S0362/BAC009S0362W0290.wav,隐私问题的技术视角
/home/v2129375/dataset/aishell1/data_aishell/wav/train/S0034/BAC009S0034W0472.wav,体验穿战斗服登云梯车参观搜救犬训练展示
/home/v2129375/dataset/aishell1/data_aishell/wav/train/S0336/BAC009S0336W0194.wav,清理整顿各类交易场所
/home/v2129375/dataset/aishell1/data_aishell/wav/train/S0656/BAC009S0656W0406.wav,搜狐娱乐讯文耷子由美国迪士尼影片公司出品
/home/v2129375/dataset/aishell1/data_aishell/wav/train/S0217/BAC009S0217W0365.wav,北京奥运会也是亚军
/home/v2129375/dataset/aishell1/data_aishell/wav/train/S0006/BAC009S0006W0258.wav,解决找不到停车位缓解城市拥堵的问题
/home/v2129375/dataset/aishell1/data_aishell/wav/train/S0084/BAC009S0084W0294.wav,或者只有当前使用最小型通讯卫星的一半大
/home/v2129375/dataset/aishell1/data_aishell/wav/train/S0361/BAC009S0361W0135.wav,我们对一线二线很警惕
/home/v2129375/dataset/aishell1/data_aishell/wav/train/S0118/BAC009S0118W0153.wav,转入限价房面积竞拍后
/home/v2129375/dataset/aishell1/data_aishell/wav/train/S0596/BAC009S0596W0255.wav,大家预感到会有大事发生
/home/v2129375/dataset/aishell1/data_aishell/wav/train/S0136/BAC009S0136W0321.wav,系统才会实时展现出来
/home/v2129375/dataset/aishell1/data_aishell/wav/train/S0714/BAC009S0714W0151.wav,一方面是客观环境因素
/home/v2129375/dataset/aishell1/data_aishell/wav/train/S0027/BAC009S0027W0263.wav,这意味着今后的八个月里
/home/v2129375/dataset/aishell1/data_aishell/wav/train/S0078/BAC009S0078W0247.wav,交货时通过物流托运卖到安阳或外地的农村市场
/home/v2129375/dataset/aishell1/data_aishell/wav/train/S0245/BAC009S0245W0350.wav,丁宁开局阶段进入状态很快
/home/v2129375/dataset/aishell1/data_aishell/wav/train/S0702/BAC009S0702W0159.wav,实际影响小
/home/v2129375/dataset/aishell1/data_aishell/wav/train/S0211/BAC009S0211W0122.wav,打造更有居住感和升值潜力的住住区
/home/v2129375/dataset/aishell1/data_aishell/wav/train/S0197/BAC009S0197W0368.wav,弱点女子中长跑已经掉队
/home/v2129375/dataset/aishell1/data_aishell/wav/train/S0197/BAC009S0197W0143.wav,两次降息和降低存款准备金
/home/v2129375/dataset/aishell1/data_aishell/wav/train/S0130/BAC009S0130W0328.wav,窃取或删改平台数据
/home/v2129375/dataset/aishell1/data_aishell/wav/train/S0122/BAC009S0122W0363.wav,但竞技场不是济世堂
/home/v2129375/dataset/aishell1/data_aishell/wav/train/S0118/BAC009S0118W0320.wav,采购国产设备并没有明显价格优势
/home/v2129375/dataset/aishell1/data_aishell/wav/train/S0340/BAC009S0340W0437.wav,六安市霍山县遭遇强降雨
/home/v2129375/dataset/aishell1/data_aishell/wav/train/S0085/BAC009S0085W0296.wav,目前联合发射联盟公司
/home/v2129375/dataset/aishell1/data_aishell/wav/train/S0123/BAC009S0123W0387.wav,在杀到三百五十米的地方
/home/v2129375/dataset/aishell1/data_aishell/wav/train/S0338/BAC009S0338W0175.wav,二零一一年至二零一五年
/home/v2129375/dataset/aishell1/data_aishell/wav/train/S0219/BAC009S0219W0132.wav,展馆面积达二万平方米
/home/v2129375/dataset/aishell1/data_aishell/wav/train/S0109/BAC009S0109W0309.wav,在中国市场的互联网应用
/home/v2129375/dataset/aishell1/data_aishell/wav/train/S0120/BAC009S0120W0307.wav,我们原来的工厂没有搬
/home/v2129375/dataset/aishell1/data_aishell/wav/train/S0145/BAC009S0145W0476.wav,中标公司被指造假举报人投诉至招标办三次遭拒
/home/v2129375/dataset/aishell1/data_aishell/wav/train/S0072/BAC009S0072W0437.wav,一男子在北邮科研楼坠亡身份有待进一步确认
/home/v2129375/dataset/aishell1/data_aishell/wav/train/S0657/BAC009S0657W0397.wav,室内和室外运动要结合进行
/home/v2129375/dataset/aishell1/data_aishell/wav/train/S0152/BAC009S0152W0325.wav,至少赢来了竞争对手的空前关注
/home/v2129375/dataset/aishell1/data_aishell/wav/train/S0117/BAC009S0117W0214.wav,三是诚信体系建设也是公司的自治行为
/home/v2129375/dataset/aishell1/data_aishell/wav/train/S0343/BAC009S0343W0241.wav,需依靠资产重组恢复盈利能力并达到重新上市条件
/home/v2129375/dataset/aishell1/data_aishell/wav/train/S0513/BAC009S0513W0450.wav,据市公安局巡特警支队巡逻大队民警谢红灵透露
/home/v2129375/dataset/aishell1/data_aishell/wav/train/S0052/BAC009S0052W0374.wav,全场比赛李景亮占据主动
/home/v2129375/dataset/aishell1/data_aishell/wav/train/S0235/BAC009S0235W0365.wav,正如主教练宋平山所说
/home/v2129375/dataset/aishell1/data_aishell/wav/train/S0151/BAC009S0151W0381.wav,这次的展览会将会展出他的多个代表作
