path,manual_transcript,keyword,asr
/Data/dataset/catslu_traindev/data/weather/audios/e6301dbacf5000107ae50fc23f87a43a_59aa464790ee6d0219000009.wav,北京的天气怎么样,北京,且北京的天气怎么样
/Data/dataset/catslu_traindev/data/weather/audios/0b5eadf7eede6fb3aed9d64bd9de14a6_59c5d97a3327930c4b00008f.wav,上海明天有雨吗旅客们请注意,上海,上海明天有雨吗给客们请注意
/Data/dataset/catslu_traindev/data/weather/audios/7a09bef89e10b3ffa7104ec840011342_59ccae608827ad007c000008.wav,今天深圳天气怎么样,深圳,今天深圳天气怎么样
/Data/dataset/catslu_traindev/data/weather/audios/d5aac5eb2ecbde824aa58e5386326500_59b101a98b68790039000019.wav,江门天气预报,江门,蒋满天气预报
/Data/dataset/catslu_traindev/data/weather/audios/013b445d9bd8516ddaf20b7e326983d0_59c669898b68790039000010.wav,明天澳门的天气预报,澳门,咱走老弟是我白外一么明天澳我们的天气预报
/Data/dataset/catslu_traindev/data/weather/audios/013b445d9bd8516ddaf20b7e326983d0_59c6699f8b68790039000013.wav,澳门明天天气,澳门,澳门明天天气
/Data/dataset/catslu_traindev/data/weather/audios/a8e540e4fd2e8d2abc73fd741aaa534f_59aa4a2b3327930c570001af.wav,小乐今天上海的天气怎么样,上海,想了今天上海的天气怎么样
/Data/dataset/catslu_traindev/data/weather/audios/9bc6f2b54e052cdb0389db838e2229cc_59cb855590ee6d0219000011.wav,郑州今天的天气是什么情况,郑州,郑州今天的天气是什么情况
/Data/dataset/catslu_traindev/data/weather/audios/a6506380a2d44d30b6d5980758faad0b_000004d28b68790034000004.wav,今天深圳天气怎么样,深圳,今天三天天气怎么样
/Data/dataset/catslu_traindev/data/weather/audios/bfd1fcb4ca3fe189d30bfaee3a7ce329_59c5f05a90ee6d0219000005.wav,深圳明天的天气怎么样,深圳,现在明天的天气怎么样
/Data/dataset/catslu_traindev/data/weather/audios/7b808b03be2fdcbb2b5bb2f3c944b4e4_59bddd3933279305ad000037.wav,今天北京什么天气,北京,今天北京什么天气
/Data/dataset/catslu_traindev/data/weather/audios/cf294c41aa6b1d7e8b6c23d49bc357a0_59bc88468827ad007c000018.wav,西安今天的天气怎么样,西安,西安今天的天气怎么样
/Data/dataset/catslu_traindev/data/weather/audios/c4695d41890d52a4e1e6633adde3d1b0_59cde9a73327930c4400000b.wav,今天福州什么天气啊,福州,今年福州什么天气啊
/Data/dataset/catslu_traindev/data/weather/audios/4835d1b2be38f15e1cf2e59a8d065917_59cb8b4290ee6d0219000007.wav,广州的天气怎么样,广州,冠军选择广州的天气怎么样
/Data/dataset/catslu_traindev/data/weather/audios/b7f98e0be3f81018ec60a69cef8e98ef_59bc65f2332793576e00000c.wav,自贡市,自贡市,自贡是
/Data/dataset/catslu_traindev/data/weather/audios/ae117f8f501f1d2dced01edf81b104b0_59a8e10b3327930c680000c3.wav,今天东莞的天气怎么样,东莞,今天东风的天气怎么样
/Data/dataset/catslu_traindev/data/weather/audios/d86581ac9597f85c6cce25c34618338b_59cbbb8a8827ad00a500007d.wav,明天广元的天气,广元,明天广元的天气
/Data/dataset/catslu_traindev/data/weather/audios/8a0969f7ad8e0fe2d0b33c4bc309f11a_59b8ec3a3327930c5a000017.wav,今天迪拜的天气怎么样,迪拜,今天迪拜的天气怎么样
/Data/dataset/catslu_traindev/data/weather/audios/8a4832b31c146e4615d9452de5d1d702_59c9de5a627fb70f2400448f.wav,下午深圳有风吗,深圳,下午深圳有风吗
/Data/dataset/catslu_traindev/data/weather/audios/a00e2d25f17ad782720aa412431cb4c4_59c1ecb990ee6d0224000008.wav,今天重庆的天气怎么样啊,重庆,那个嘛今天重庆的天气怎么样啊
/Data/dataset/catslu_traindev/data/weather/audios/29d64f1247fc8a5d8c8bbf14288455c9_386da9568b6879003900000c.wav,深圳天气,深圳,深更的天
/Data/dataset/catslu_traindev/data/weather/audios/d9390e614e199a9197d8ca2f499f7d32_59cb38d68b68790039000028.wav,深圳今天的天气,深圳,深圳今天的天气
/Data/dataset/catslu_traindev/data/weather/audios/903622c22fac5b541e7ba4d729f36c55_59cb8e7b3327930291000052.wav,龙岩金今天天气怎么样,龙岩,龙岩君今天天气怎么样
/Data/dataset/catslu_traindev/data/weather/audios/370a381b377c67d57ff1192ddaf4671e_000000718b68790033000004.wav,深圳今天什么天气,深圳,创意手刘德华的歌
/Data/dataset/catslu_traindev/data/weather/audios/84b881fdd9e698657e5fbf2ee4c44262_59bb7302332793104f000005.wav,青岛天气,青岛,进到天气
/Data/dataset/catslu_traindev/data/weather/audios/5f5ee79831ffc105a1f2c4bf981d9b5d_59c1ee1e3327930c44000009.wav,可以呀今天上海天气怎么样,上海,可以啊今天上海天气怎么样
/Data/dataset/catslu_traindev/data/weather/audios/c2f75573710d3476a75c8213882d80f4_59b8b66d3327930c4c000020.wav,南京今天天气怎么样,南京,南京今天天气怎么样
/Data/dataset/catslu_traindev/data/weather/audios/51f88fb03c3d4bd283fda3351d9a2ba4_59c9fb9dffba99020c000044.wav,香港明天天气,香港,香港明天天气
/Data/dataset/catslu_traindev/data/weather/audios/e3b790eed5bca1ec2ab28d9678e32d7b_59c9f9beffba99020c000033.wav,北京昨天天气,北京,北京昨天天庆
/Data/dataset/catslu_traindev/data/weather/audios/2808fb2732d51915cb6dcf42ee79bc95_59a954ac332793026e00001e.wav,南阳未来南阳未来七天的天气是什么样的,南阳,南洋未来七天的天气是什么样的
/Data/dataset/catslu_traindev/data/weather/audios/3aaac4787965ac801d62dbe9ec4c7ce9_59bfad6b3327930525000014.wav,鄂州,鄂州,子龙
/Data/dataset/catslu_traindev/data/weather/audios/4455bbc13fead47391c0570c7d08666a_59c4415c8827ad007c000012.wav,今天阜新天气,阜新,今天复兴天界
/Data/dataset/catslu_traindev/data/weather/audios/70b6a48320ac4faa28cc40a80af525b7_59c3757490ee6d022400001d.wav,北京的天气怎么样,北京,说一些北京的天气怎么样
/Data/dataset/catslu_traindev/data/weather/audios/8b3c9350ff4e2894c5c65b5c8a9e194c_59ab5e3c8827ad0075000012.wav,青岛市,青岛市,青岛市
/Data/dataset/catslu_traindev/data/weather/audios/78093df29708206e458e754060787c16_59c5b5398827ad007c000008.wav,今天成都天气怎么样啊,成都,今天成都天气怎么样啊
/Data/dataset/catslu_traindev/data/weather/audios/78093df29708206e458e754060787c16_59c5b5568827ad007c00000d.wav,今天成都天气怎么样,成都,今天成都天气怎么样
/Data/dataset/catslu_traindev/data/weather/audios/1daf93673ec58c307af4cfd184c7d015_4bf6c00e4bf6c00e4bf6c00e.wav,他对组织力量今天重庆天气怎么样,重庆,他那个组织烈阳今天重庆天气怎么样
/Data/dataset/catslu_traindev/data/weather/audios/1119eac7038df6beba182fead2c0bad2_59c7a7008827ad007c000031.wav,查一下德州明天的天气怎么样,德州,查一下德州明天的天气怎么样
/Data/dataset/catslu_traindev/data/weather/audios/1119eac7038df6beba182fead2c0bad2_59c7a74b8827ad007c00003d.wav,那查一下德州大后天的天气怎么,德州,那查一下德州大后天的天气怎么样
/Data/dataset/catslu_traindev/data/weather/audios/1119eac7038df6beba182fead2c0bad2_59c7a7748827ad007c000043.wav,德州明天有雨吗需要带伞吗,德州,德州明天有雨吗需要带伞吗
/Data/dataset/catslu_traindev/data/weather/audios/1119eac7038df6beba182fead2c0bad2_59c7a77e8827ad007c000045.wav,德抽德州明天天气怎么样,德州,德州德州明天天气怎么样
/Data/dataset/catslu_traindev/data/weather/audios/1119eac7038df6beba182fead2c0bad2_59c7a7268827ad007c000037.wav,查一下德州后天的天气怎么样,德州,茶一下德州后天的天气怎么样
/Data/dataset/catslu_traindev/data/weather/audios/1119eac7038df6beba182fead2c0bad2_59c7a7398827ad007c000039.wav,后天有雨吗后天有雨吗德州的后天,德州,后天英语吗后天有雨吗德州的后天
/Data/dataset/catslu_traindev/data/weather/audios/7b8c0e06daa1b7c5f72be07f6cda4750_59acb41090ee6d0219000001.wav,今天深圳天气怎么样,深圳,今天深圳天气怎么
/Data/dataset/catslu_traindev/data/weather/audios/0030d33b41f82d28405b3030724371b5_59b8dc9933279361d0000012.wav,日喀则市,日喀则市,日喀只是
/Data/dataset/catslu_traindev/data/weather/audios/836ca7f57acdfed31cb97d74a280a354_59a9152a3327930912000009.wav,南阳明天的天气,南阳,南阳明天的天气
/Data/dataset/catslu_traindev/data/weather/audios/b1c0d8bbf3e40bd8e9451f9b11c99ae4_59af3fbc8827ad007c000025.wav,明天北京的天气,北京,明天北京的天气
/Data/dataset/catslu_traindev/data/weather/audios/cca1dcad7194d394662d5a48acb05a03_59c4cd2c627fb70f2400363a.wav,明天天津有雨吗,天津,明天天津有雨吗
/Data/dataset/catslu_traindev/data/weather/audios/08d8f77c5f63d70c3308213e33ae4426_59c3b19a90ee6d02270000ce.wav,深圳明天的天气,深圳,赚钱省镇明天的天气
/Data/dataset/catslu_traindev/data/weather/audios/6eb0d2e0c5d085c184bce5f3f5e750d7_59bc8b1e3327930f58000013.wav,贵州省贵阳市,贵阳市,贵州省贵阳市
/Data/dataset/catslu_traindev/data/weather/audios/b3b8ee5f31d0f6c7be8e38ec5e5748fd_59b610e08827ad007c000007.wav,北京明天的天气,北京,本京明天的天气祝你可能选得还缺着那个是不一样的居然
/Data/dataset/catslu_traindev/data/weather/audios/38fcabde133781c7403fe7f06955da0e_59ba15883327930ddb000096.wav,珠海天气怎么样啊,珠海,珠海天气怎么样啊
/Data/dataset/catslu_traindev/data/weather/audios/3a49271522e79822e6884107b9ee96b7_59aa31c733279304cf00003b.wav,五家渠市,五家渠市,独家军事
/Data/dataset/catslu_traindev/data/weather/audios/26c302acbfcd90326a1901a8e936af75_59bc88068827ad006b000038.wav,今天洛阳的天气怎么样,洛阳,今天洛阳的天气怎么样
/Data/dataset/catslu_traindev/data/weather/audios/8f9e9f332ea1212beed2f634a5f706ed_5ab0a1c65ab0a1c65ab0a1c6.wav,喂今天重庆的天气怎么样,重庆,喂今天重庆的天气怎么样
/Data/dataset/catslu_traindev/data/weather/audios/63aab0b755d704a54fdb68f1f3973c38_59b3b5bf33279320c8000079.wav,帮我查一下徐州的天气,徐州,帮我查一下徐州的天气
/Data/dataset/catslu_traindev/data/weather/audios/1f68987b784de04d4dc10491b96b38a9_59ccad8e8b6879003a000060.wav,深圳天气怎么样,深圳,深圳天气怎么样
/Data/dataset/catslu_traindev/data/weather/audios/1f68987b784de04d4dc10491b96b38a9_59ccada78b6879003a00006a.wav,广州天气怎么样,广州,广州天地怎么样
/Data/dataset/catslu_traindev/data/weather/audios/4cc19b9e14db5a9ae8636d4bd7247ea0_59c4dc323327930c4200000d.wav,北京天气怎么样,北京,北京天地怎么样
/Data/dataset/catslu_traindev/data/weather/audios/ca85327d8933d77f848aae13b774908b_59bc953c33279312f2000034.wav,北京的天气怎么样,北京,北京的天气怎么样
/Data/dataset/catslu_traindev/data/weather/audios/bb113f3381e0f5757e0ea215c064faa0_59c9bbba3327930294000089.wav,深圳今天的天气,深圳,而且打了散掉身份今天的天气
/Data/dataset/catslu_traindev/data/weather/audios/616fa3d401c539427a82794ba05300ab_59c5a25b90ee6d021c000009.wav,佛山今天天气怎么样,佛山,佛山今天天气怎么样
/Data/dataset/catslu_traindev/data/weather/audios/ec1641654a5b56bfc87b6b57444e4c67_59cc6a0d8827ad00ab00002f.wav,汕头的天气怎么样,汕头,汕头的天气怎么样
/Data/dataset/catslu_test/data/weather/audios/c0c07d240dcd3145c2c9786ff2e443aa_59c0b70633279374d0000029.wav,深圳今天的天气,深圳,深圳今天的天气
/Data/dataset/catslu_test/data/weather/audios/0809ce099bda2c010c51ec151fbea9a5_38711c1b8b68790039000004.wav,今天深圳的天气情况怎么样,深圳,今天深圳的天气情况怎么样
/Data/dataset/catslu_test/data/weather/audios/d455255a3a9721182abbdf90a167e229_59b8e71390ee6d021c00001d.wav,深圳南山的天气怎么样,深圳,深圳男生的天气怎么样
/Data/dataset/catslu_test/data/weather/audios/613b0142999b40fffd03dc43d7f34f4b_59b908848827ad007c00001c.wav,杭州天气怎么样,杭州,杭州天气怎么样
/Data/dataset/catslu_test/data/weather/audios/d7c534e762ece16c06187e1dac61c1da_59bceb45332793029a00001e.wav,现在九江的天气预报,九江,现在九江的天机报
/Data/dataset/catslu_test/data/weather/audios/c316c119da43665806c9e8f9a4625176_59a974f28827ad00a500000a.wav,今天北京天气怎么样,北京,今天北京天气怎么样
/Data/dataset/catslu_test/data/weather/audios/95bc08acf1c5827bd70da28990f23555_59cdbfa533279302aa0000e7.wav,泰州的天气,泰州,台州的天气
/Data/dataset/catslu_test/data/weather/audios/7e045dd4989cdbd9b3e0ea4e7025a31a_59ca07ce332793091c000007.wav,泰州的天气,泰州,菜车的听次
/Data/dataset/catslu_test/data/weather/audios/c99a9efcba0bb482688ca7f428aaa168_59aa82e433279302a8000006.wav,温州天气怎么样,温州,温州天气怎么样
/Data/dataset/catslu_test/data/weather/audios/83ed81575b71d1e3ca2541dfd6f01b75_59c476b13327930286000100.wav,上海会下雨吗,上海,上海会下雨吗
/Data/dataset/catslu_test/data/weather/audios/0ac1527c7aed878d441df2272ddb993f_59cbc66090ee6d0219000005.wav,今天南昌是什么天气,南昌,今天南昌是什么天气
/Data/dataset/catslu_test/data/weather/audios/d0b254791a78ba4f3e87f79bfbcf20e3_59c8da858827ad007c000015.wav,今天深圳天气怎样,深圳,今天深圳天气怎样
/Data/dataset/catslu_test/data/weather/audios/b3afb0770e8bbf2cf8d52030f9ca4dbb_59c993ef8827ad00a500001a.wav,明天东营天气怎么样,东营,明天东营天气怎么样
/Data/dataset/catslu_test/data/weather/audios/8b354537ebcc2fb55f13bda2bcbe08ee_59c9a8f23327930298000007.wav,深圳今天的天气,深圳,深圳今天的天气
/Data/dataset/catslu_test/data/weather/audios/7b8ad1700ef19ed9dbdac813de44a662_59bf55c93327930db1000153.wav,福州今天天气怎么样啊,福州,福州今天天气怎么样啊
/Data/dataset/catslu_test/data/weather/audios/e949a376b895f5707cd9bfdefef51cae_59c8377f90ee6d022400008b.wav,沈阳今天的天气,沈阳,沈阳今天的天气
/Data/dataset/catslu_test/data/weather/audios/f5a24f4ed0e86bc42279a41e76eae5a0_59c781548b6879003600000d.wav,上海二零一七年九月二十五日空气质量是什么,上海,上海二零一七年九月二十五日空气质量是什么
/Data/dataset/catslu_test/data/weather/audios/5509f37c28a414a1a55cb60f9be5df32_59b9ca9e3327930f580000a3.wav,北京明天天气怎么样,北京,北京名片这个怎么样
/Data/dataset/catslu_test/data/weather/audios/bdc5f523d4d09f16a5a9b957740ec341_59c089f53327930937000003.wav,西安今天下雨吗,西安,西安今天下雨班
/Data/dataset/catslu_test/data/weather/audios/d3fb2c20fc15fa15e1cf34f07ae84e93_59c4cd76d3458d0ed4003eb5.wav,下午深圳有风吗,深圳,下午深圳有风吗
/Data/dataset/catslu_test/data/weather/audios/81951b5a12e7406a2cfdcf54e1f643df_59bbdb91332793050d000022.wav,绥化,绥化,谁画
/Data/dataset/catslu_test/data/weather/audios/e801f910104ab8b9455873c9c21a6a6d_59bce96d3327930c4e00003a.wav,福州今天天气怎么样啊,福州,福州今天天气怎么样啊
/Data/dataset/catslu_test/data/weather/audios/2bb95f2b8306ab75e5e197c12d936543_59ccce85332793026e000025.wav,衢州天气预报,衢州,徐周天气预报
/Data/dataset/catslu_test/data/weather/audios/01917ba0c001dd551aaf63887ab67038_59c0af9b3327930c4b000017.wav,广州广州的天气,广州,广州广州的天气
/Data/dataset/catslu_test/data/weather/audios/4cfe46e61da910f492349c62f1a0097d_59ba5ea73327930c2e000009.wav,今天上海天气怎么样,上海,今天上海天气怎么样
/Data/dataset/catslu_test/data/weather/audios/970fce4bc187b1b45a6a0739f5b7b02c_59c779013327930c30000009.wav,北京东四环的天气怎么样,北京,北京东视环的天气怎么样
/Data/dataset/catslu_test/data/weather/audios/03c4a61c1e6f05c56fd31c4f11445286_59bf87c233279312e300002b.wav,北京的天气怎么样,北京,北京的天气怎么样
/Data/dataset/catslu_test/data/weather/audios/9a975a1c1045c7731d8a8074b2bde185_59c4da8c627fb70f240037a6.wav,长沙后天的天气,长沙,曹操后天的天气
/Data/dataset/catslu_test/data/weather/audios/0d9bf2546d334f707831b581967cdc9a_59cb942d627fb70cfc0002cc.wav,下午深圳有风吗,深圳,下午深圳有风吗
/Data/dataset/catslu_test/data/weather/audios/0610f45a65ca4aa270f6f95ce6b3bdbd_59c5a3243327930c4b000012.wav,今天上海有雨吗,上海,今天上海有雨吗
/Data/dataset/catslu_test/data/weather/audios/e1d9acc28c1822fda86f2371f6c94c75_59b9282c8827ad00a5000134.wav,明天广元的天气,广元,明天广源的天气
/Data/dataset/catslu_test/data/weather/audios/8b4247483e1a96f38377da2ad28497df_59c9ba7a627fb70f2400417f.wav,下午深圳有风吗,深圳,下午深圳有风吗
/Data/dataset/catslu_test/data/weather/audios/d0b8e372499db6211d1091404b0dac3b_59af932c332793293200002c.wav,北京的天气,北京,北京的天气
/Data/dataset/catslu_test/data/weather/audios/b8a28a1e4f827877de5202628ba30022_59b7b0db3327930c87000007.wav,南阳今天的天气,南阳,南洋今天的天气
/Data/dataset/catslu_test/data/weather/audios/a7319b90ab81609806dd92ae8f6b895b_59bc8e7b3327930419000005.wav,深圳今天天气怎么样,深圳,深圳今天天气怎么样
/Data/dataset/catslu_test/data/weather/audios/dd9e4dad4a0f463ba8168000f7601daa_000002718b6879003300001b.wav,今天北京的天气怎么样,北京,今天北京的天气怎么样
/Data/dataset/catslu_test/data/weather/audios/caa70a7326dbda1eaa65e448718b252a_59b10d733327930293000015.wav,深圳天气怎么样,深圳,现在天气怎么样
/Data/dataset/catslu_test/data/weather/audios/e7b98991db8bc36cc9ff8eb3384fb612_59cf609133279302bf00000d.wav,深圳今天的天气,深圳,深圳今天的天气
/Data/dataset/catslu_test/data/weather/audios/42b0ba79957d9b284a24562f85aa0d41_59ca0bf4ffba990212000005.wav,北京天气,北京,给今天敬
/Data/dataset/catslu_test/data/weather/audios/66db469a30040c14d2ebeebe2f5ea09b_59cf8a0c3327930dc700001c.wav,杭州的天气怎么样呀,杭州,杭州的天气怎么样
/Data/dataset/catslu_test/data/weather/audios/bf10144fa8c40fe882852ffe901f18aa_59c8c9af90ee6d021900000a.wav,深圳的天气怎么样,深圳,命运神寨的天气怎么样
/Data/dataset/catslu_test/data/weather/audios/8f76b74ed914c4f107b53aaa0fa35497_59c0b839332793091c00002f.wav,明天南京下不下雨,南京,明天蓝鲸下不下雨
/Data/dataset/catslu_test/data/weather/audios/40c45bcb49cb58b56ddd490b0f2742f2_59bf3c1b8827ad00a800000c.wav,明天中山天气怎么样,中山,明天中餐天气怎么样
/Data/dataset/catslu_test/data/weather/audios/352c2b249f1fcd29e07f46ee9476ffe5_59c72f533327930c3b000146.wav,上海今天天气怎么样,上海,上海今天天气怎么样
/Data/dataset/catslu_test/data/weather/audios/eb0ea5f8af1c98422cc5007a3cd7cdc0_59c393c88827ad007c000017.wav,呃广州今天天气怎么样,广州,广州今天天气怎么样
/Data/dataset/catslu_test/data/weather/audios/eb0ea5f8af1c98422cc5007a3cd7cdc0_59c393d18827ad007c000018.wav,广州今天天气怎么样,广州,广州今天天气怎么样
/Data/dataset/catslu_test/data/weather/audios/63c9249e019cd17996f91de9ab851b63_59ce14288827ad007c000170.wav,明天深圳的天气怎么样,深圳,明天深圳的天气怎么样
/Data/dataset/catslu_test/data/weather/audios/83bc52fd19246a82a38693e33cac5480_59b0d5d590ee6d0219000012.wav,深圳的天气怎么样,深圳,声音的天气怎么样
/Data/dataset/catslu_test/data/weather/audios/481b6272f9392a290c68252fbdbce0ed_59cda50c332793301900000f.wav,中山的天气,中山,踪探那天气
/Data/dataset/catslu_test/data/weather/audios/2cd081462bf3bb5e53296dcec4f62ff2_59afb86f3327933d83000007.wav,今天三明天气,三明,今天呢半冲天气
/Data/dataset/catslu_test/data/weather/audios/bdb472e9bece1243152c2f5254e0816d_59aa463490ee6d0219000005.wav,深圳的天气怎么样,深圳,我认识深圳的天气怎么样
/Data/dataset/catslu_test/data/weather/audios/e56c1f53972b05f0c6cb80325925110a_wb05330fwb05330fwb05330f.wav,今天的重庆的天气怎么样,重庆,今天的重庆的天气怎么样
/Data/dataset/catslu_test/data/weather/audios/8bf9d0b4557b1266349e4f0914bbfc7d_59c6626e3327930c3f000094.wav,郑州的天气怎么样,郑州,震宗的天气怎么样
/Data/dataset/catslu_test/data/weather/audios/9728eed17fc2be848053d45f6146c5ee_59c35bb33327930c64000006.wav,北京的天气怎么样,北京,北京的天气怎么样
/Data/dataset/catslu_test/data/weather/audios/2bb58f28416e08f88ee832ca5374ae1f_59ca0c5effba990212000013.wav,武汉天气,武汉,武汉天气
/Data/dataset/catslu_test/data/weather/audios/a2705a67cee2ba8cd75653a7277bed8a_59c342ee3327930299000011.wav,今天湖州天气如何,湖州,今天湖州天气如何
/Data/dataset/catslu_test/data/weather/audios/f3f743c162a20327244b611027c70680_59c8f23d3327930db00000ea.wav,明天成都适合穿什么衣服,成都,明天成都适合穿什么衣服可以落得上去不
/Data/dataset/catslu_test/data/weather/audios/54bf3aff40c0fcc330bd929566ee4439_59bb402433279313a9000012.wav,天津市,天津市,天津市
/Data/dataset/catslu_test/data/weather/audios/3e7dd6852e5e95475fcfebec3ad6f5fc_59a938a78827ad0080000001.wav,明天珠海的天气情况如何呢,珠海,明天珠海的天气情况如何呢
/Data/dataset/catslu_test/data/weather/audios/322ff16f999848f27fd943d137372e4e_59b0e19e3327930808000006.wav,深圳今天的天气,深圳,深圳今天的天气
/Data/dataset/catslu_test/data/weather/audios/0d4bedf81e865f3889386f7c17ae7709_59c86c923327930c2f00000c.wav,今天北京会下雨吗,北京,今天北京会下雨吗
/Data/dataset/catslu_test/data/weather/audios/8ce789d4755fa41d4ae6d06d07d979e8_59c8bd338b6879003300000a.wav,深圳的天气,深圳,真正的天气
/Data/dataset/catslu_test/data/weather/audios/ae66245f34ce4eb4a1e1d6f11127cdb5_59ba5bdc8827ad0080000001.wav,诶先给我们大家说一下明天珠海的天气情况吧,珠海,先跟我们大家说一下明天珠海的天气情况吧
/Data/dataset/catslu_test/data/weather/audios/ae66245f34ce4eb4a1e1d6f11127cdb5_59ba5bf18827ad0080000002.wav,明天珠海的天气情况,珠海,明天珠海的天气情况
/Data/dataset/catslu_test/data/weather/audios/7866d551c7ef15b63d58e5e23aae4bd9_59ca0d7d3327930c5c000160.wav,嗯郑州的天气怎么样,郑州,郑州到天气怎么样我要说
/Data/dataset/catslu_test/data/weather/audios/9cd89aec9c869c1aba6dadebddd8c69c_59b4f1b58827ad007c00000a.wav,今天广州天气怎么样,广州,今天广州天气怎么样
/Data/dataset/catslu_test/data/weather/audios/b18adc26c04def96f23d30c2327c4bc3_59b4df2d3327930cc800000b.wav,重庆今天适合洗车吗,重庆,从进今天适合洗车吗
/Data/dataset/catslu_test/data/weather/audios/c04a4f1c70168216bd22bfa2f35e956e_59cf634733279302ba000004.wav,深圳天气,深圳,深圳天气
/Data/dataset/catslu_test/data/weather/audios/3d25ae8cdba3b146463ca595e96f770f_59c4769833279302860000fd.wav,成都的天气,成都,成都的天气
/Data/dataset/catslu_test/data/weather/audios/bd786fd715227551273da91d74a359a5_59b217d28b68790039000015.wav,沈阳天气预报,沈阳,沈阳天气预报
/Data/dataset/catslu_test/data/weather/audios/bd786fd715227551273da91d74a359a5_59b217dc8b68790039000018.wav,深圳天气预报,深圳,身转天气预报
/Data/dataset/catslu_test/data/weather/audios/4121700e306f75ef1b2bc221878c699d_59b0d5f390ee6d0219000015.wav,深圳天气怎么样,深圳,沈震天气怎么样
/Data/dataset/catslu_test/data/weather/audios/5306c9c5bd7ce0431ccadbb0e3d4d076_59ca08c2ffba99020c00001f.wav,北京的二点五值,北京,北京的二点五只
/Data/dataset/catslu_test/data/weather/audios/f33e613f9edbf1b469d967a191611b04_59cb64b1627fb70edc001c66.wav,明天天津有雨吗,天津,明天天津有雨吗
/Data/dataset/catslu_test/data/weather/audios/039f4c23877381b0a5200dd95c828cd9_59c86e8dd3458d0ed4004125.wav,明天天津有雨吗,天津,明天天津有雨吗
/Data/dataset/catslu_test/data/weather/audios/e52c7b8d1b9c2473dd849a50f9eb4af9_59a95acb33279302ad00000d.wav,深圳明天天气,深圳,没啥也是嘛深圳明天天气
/Data/dataset/catslu_test/data/weather/audios/caaf7ae7d624601df536a2b2ba6d56da_59bc72bd3327930c2f000042.wav,合肥的天气怎么样,合肥,何非天气怎么样
/Data/dataset/catslu_test/data/weather/audios/caaf7ae7d624601df536a2b2ba6d56da_59bc72cd3327930c2f000047.wav,合肥天气怎么样,合肥,作为天气怎么样
/Data/dataset/catslu_test/data/weather/audios/079f2ed183486420563a39b46a92a0af_3e18cc403e18cc403e18cc40.wav,马鞍山的天气,马鞍山,马鞍山的天气
/Data/dataset/catslu_test/data/weather/audios/08db4a49f5970ee50f47ef56a1a386e1_59c91fa03327930295000064.wav,台中明天会下雨吗,台中,台中明天会下雨吗
/Data/dataset/catslu_test/data/weather/audios/be6f174e691853f4a60c36aabaf446c8_59cf6ec790ee6d0219000090.wav,明天广州天气怎么样,广州,明天广州天气怎么样
/Data/dataset/catslu_test/data/weather/audios/580e3323abf57ed9fa5ba97a9a47ee9d_59bf777e90ee6d0224000001.wav,深圳的天气怎么样,深圳,深圳的天气怎么样
/Data/dataset/catslu_test/data/weather/audios/16bbddd140961f1104ea5b617ed05245_59c0756690ee6d0219000003.wav,换醒以后啊深圳的天气怎么样,深圳,唤醒以后身体的天气怎么样
/Data/dataset/catslu_test/data/weather/audios/2b78f45e0b3300834d8d6acf581505eb_59b3a5028827ad0075000011.wav,珠海今天的天气怎么样,珠海,出海今天的天气怎么样
/Data/dataset/catslu_test/data/weather/audios/ed65e5272e9fb81c000012182b417298_59ca2da0a765730c88000002.wav,上海天气,上海,上海天气里
/Data/dataset/catslu_test/data/weather/audios/936288466f8a321a52c75c1cc55f6d60_59c70d3c3327930c3b0000ab.wav,今天上海天气如何,上海,今天三月天气如何
/Data/dataset/catslu_test/data/weather/audios/1f386208d88381f6081c63f33032c1b7_59bc925733279318ce00000d.wav,北京的天气,北京,北京的天气
/Data/dataset/catslu_test/data/weather/audios/6689fb7154542c5ab7747d419b321042_59b0b4e48827ad0076000011.wav,东莞天气,东莞,东莞天气
/Data/dataset/catslu_test/data/weather/audios/3d43ff1063441f5b93d3f998c679dcc9_59b793933327930509000021.wav,深圳明天天气,深圳,深圳明天天气
/Data/dataset/catslu_test/data/weather/audios/ad1af61442bc3f42f5d6376c4e7f6680_59b541cc332793567f000095.wav,赣州市南康区,赣州市,赣州市南堪区
/Data/dataset/catslu_test/data/weather/audios/699ea16dad448f5ea1ba8403e5fd8bd5_59cca266332793091e000035.wav,邯郸的天气预报,邯郸,邯郸到天气预报
/Data/dataset/catslu_test/data/weather/audios/3fee6afe9aa72716dcfa492c5749fd24_59b375798827ad007d000035.wav,今天珠海天气怎么样,珠海,今天周海天气怎么样
/Data/dataset/catslu_test/data/weather/audios/3b2cfb717554cbe26d8791583244606c_59cf45008b687900380001a0.wav,青岛的天气,青岛,青岛的天气
/Data/dataset/catslu_test/data/weather/audios/fb8eea33ab6fa8201f220ba2c75ec00f_59cc69c98827ad00ab00001d.wav,长沙的天气怎么样,长沙,长沙的天气怎么样
/Data/dataset/catslu_test/data/weather/audios/d3b9f96d9c1a362a8cd388720dc9d612_59c87205d3458d0ed400417f.wav,明天天津有雨吗,天津,明天天津有雨吗
/Data/dataset/catslu_test/data/weather/audios/951139642f791cd3df3e993e23f9f1e8_59c8677f627fb70f24003807.wav,明天天津有雨吗,天津,明天天津有雨吗
/Data/dataset/catslu_test/data/weather/audios/6d4a55b812c9e17c2942255d8d2335c2_59af555f8b68790037000008.wav,江门天气预报,江门,江门天气预报
/Data/dataset/catslu_test/data/weather/audios/6d4a55b812c9e17c2942255d8d2335c2_59af557a8b6879003700000b.wav,美国纽约天气预报,纽约,美国纽约天气预报
/Data/dataset/catslu_test/data/weather/audios/e934e6a89fc34d768adef2c10a0ebe67_4ad6f2c64ad6f2c64ad6f2c6.wav,深圳的天气,深圳,深圳的天气
/Data/dataset/catslu_test/data/weather/audios/320829e8f9df3d547c694f50db7361c0_59c9e65590ee6d022400000d.wav,深圳今天天气怎么样,深圳,两月二十深圳今天天气怎么样
/Data/dataset/catslu_test/data/weather/audios/bda7b8633066ed127715c3ff9bf619eb_59aa1dd38827ad022a000007.wav,苏州天气怎么样,苏州,苏勒天气怎么样
/Data/dataset/catslu_test/data/weather/audios/00c90758a11cc003e0289af93ddde88d_59ca157f627fb70f24004995.wav,明天天津有雨吗,天津,明天天津有雨吗
/Data/dataset/catslu_test/data/weather/audios/3d125a2065eb738acfad76d7336be32f_59b0cc6e3327930c4a0001ff.wav,小乐深圳今天天气,深圳,小乐三庆静天天气
/Data/dataset/catslu_test/data/weather/audios/43f4036fc3bfd939cfb42f8ed067e2e9_59c868a0332793025900005f.wav,北京的呢,北京,北京的呢
/Data/dataset/catslu_test/data/weather/audios/952c39eca60b22660bcf15458657aacb_59ce338f8827ad007c000009.wav,今天西安的天气怎样,西安,今天西安的天气怎样
/Data/dataset/catslu_test/data/weather/audios/65914928962223e542ead652530c78b1_59ca45c28827ad007c000008.wav,湖州明天的天气怎么样,湖州,湖州弥天的天气怎么样
/Data/dataset/catslu_test/data/weather/audios/921412c238f292ce0ecfa3fc0ebf514a_59cf378833279302a50001bd.wav,株洲天气怎么,株洲,诸州天气怎么样
/Data/dataset/catslu_test/data/weather/audios/20825d9dde7ea81ef875d60a59d6f221_0000006d8b68790033000011.wav,明天我要上学啦说一下深圳的天气怎么样啊,深圳,你是不是大傻子
/Data/dataset/catslu_test/data/weather/audios/b63e92780b733d8fde3dbfcb6d3c5014_59bc95fe3327931cb6000030.wav,深圳明天的天气,深圳,深圳明天的天气
/Data/dataset/catslu_test/data/weather/audios/4b017e2e61ee541bab4c59783131092b_59cbab3e8827ad007c000008.wav,洛阳的天气,洛阳,洛阳的天气
/Data/dataset/catslu_test/data/weather/audios/16d2a9989c6dd7bcc75520a34b0224a3_59cf8a488827ad00a5000018.wav,明天上海天气,上海,明天上海天气
/Data/dataset/catslu_test/data/weather/audios/973c8b566dc4425c69062d1b0310de81_59bf6c02332793094600000d.wav,河源未来三天下不下雨,河源,何源未来三天下不下雨
/Data/dataset/catslu_test/data/weather/audios/8a04b31ed6013be88c5d5df99e5cb9de_386dd2228b6879003700000a.wav,深圳天气怎么样,深圳,深圳天气怎么样
/Data/dataset/catslu_test/data/weather/audios/58ed92230000d1770f858d7301798bd6_59bb3c2390ee6d0214000010.wav,深圳明天的天气怎么样,深圳,深圳明天的天气怎么样
/Data/dataset/catslu_test/data/weather/audios/6909ebd9509d377e7c5d1108615b64bb_59b688268827ad00a500000f.wav,明天北京的天气,北京,明天北京的天气
/Data/dataset/catslu_test/data/weather/audios/6ee71bca8796f13251ae88bc96e64165_59c2f1513327930c40000007.wav,无锡的今天天气预报,无锡,无期的今天天气预报
/Data/dataset/catslu_test/data/weather/audios/407af0fc4c58503dd2e8f04e3c4b205f_59b296ac8827ad006b00000d.wav,今天珠海天气怎么样,珠海,他来了今天钟爱天气怎么样
/Data/dataset/catslu_test/data/weather/audios/14b74c843162436c0d0589c6c20d7897_59ce15c190ee6d0224000032.wav,今天贵阳的天气怎么样,贵阳,今天贵阳的天气怎么样
/Data/dataset/catslu_test/data/weather/audios/cf25f154cbbc4da6f25a7345e70b2a5c_59af81e73327930c4a0000dd.wav,我要去三亚旅游你告诉我最近一周三亚的天气适不适合旅游,三亚,我要去三亚旅游你告诉我最近一周三亚的天气是不适合旅游
/Data/dataset/catslu_test/data/weather/audios/a7ee0d766fdbb04aa2758602c7f781fc_7439beaf7439beaf7439beaf.wav,今天重庆的天气怎么样,重庆,语音今天重庆的天气怎么样
/Data/dataset/catslu_test/data/weather/audios/cbeaf61d77bb641731bc793875b7db3f_59a9375f90ee6d0219000001.wav,深圳天气怎么样,深圳,深深的天衣怎么样
/Data/dataset/catslu_test/data/weather/audios/86fa8c2f425ff5c105ad151c487c4c81_59c37e5d3327930289000004.wav,长沙明天的天气,长沙,长沙民间的天气
/Data/dataset/catslu_test/data/weather/audios/49f28d59ed79fcd4fd7b367556cc1cd0_59b0d23c8827ad00ac00000b.wav,今天天合肥天气怎么样,合肥,今天天合肥天气怎么样
/Data/dataset/catslu_test/data/weather/audios/3c93efc55ff636f1f7576bc5bac23a1d_59b78ba7332793091e000003.wav,十堰天气,十堰,实验天镜
/Data/dataset/catslu_test/data/weather/audios/40f370bc881ea00ecccb6db90cf43808_59bb81d490ee6d0214000007.wav,今天深圳天气怎么样都可以如果一直按住的话回答可能会更快他说,深圳,哪跟我们重要今天深圳天气怎么样天光一子岸的探一点都可以如果一直按住的话回答可能会更快他说
/Data/dataset/catslu_test/data/weather/audios/58e2764cc04d4bd9bea95f192b156dec_59b7380e8b68790039000020.wav,北京今天什么天气,北京,北京今天什么天气
/Data/dataset/catslu_test/data/weather/audios/58e2764cc04d4bd9bea95f192b156dec_59b7382b8b68790039000023.wav,黑龙江鹤岗,鹤岗,黑龙江鹤岗
/Data/dataset/catslu_test/data/weather/audios/e52815fa6456fa0019312c843606dbab_59c63f193327930da60000b1.wav,小乐小乐杭州的天气怎么样,杭州,小乐小乐杭州的天气怎么样
/Data/dataset/catslu_test/data/weather/audios/bc7a5c698770ee1c76ee1cd55cde81c6_59bcbc578b687900390000e5.wav,上海呢,上海,上海呢
/Data/dataset/catslu_test/data/weather/audios/301a2cb90f09066db656caea41079b31_59bc97db8b68790038000017.wav,上海呢,上海,上海呢
/Data/dataset/catslu_test/data/weather/audios/572e6d1859d4388c203bee5a9577b9ae_59bf19918b6879003700002f.wav,深圳天气,深圳,今天生震天气
/Data/dataset/catslu_test/data/weather/audios/9dfc15ceb916dd0124192526f85c7a6a_59b906b3332793422a000095.wav,盐城市,盐城市,盐城市
/Data/dataset/catslu_test/data/weather/audios/308ea95d605594c9f6a5bdf7a114bd38_59b8c80390ee6d0224000008.wav,石家庄今天天气怎样,石家庄,石家庄今天天气怎样
/Data/dataset/catslu_test/data/weather/audios/d6992af53cb05e269e3cfebeee513270_59bd240f8827ad007c000005.wav,珠海明天的天气怎么样,珠海,珠海明天的天气怎么样
/Data/dataset/catslu_test/data/weather/audios/d6992af53cb05e269e3cfebeee513270_59bd24208827ad007c000007.wav,明天珠海空气好不好,珠海,明天珠海空气好不好
/Data/dataset/catslu_test/data/weather/audios/d6992af53cb05e269e3cfebeee513270_59bd24348827ad007c00000b.wav,明天珠海空气是多少分,珠海,每一天珠海空气是多少分
/Data/dataset/catslu_test/data/weather/audios/e2218e026c8f3238ce1adb9ede174388_59c8c34e33279302a3000014.wav,北京有没有下雨,北京,北京有没有下雨
/Data/dataset/catslu_test/data/weather/audios/522e9c5640f4cda09907a77c5509b012_59b26372332793091c000005.wav,苏州天气预报,苏州,苏泽天织报
/Data/dataset/catslu_test/data/weather/audios/cbf842f7bb087c5958079eb0a1129dd7_59afaf5733279305b0000008.wav,今天天津的天气,天津,今天天津的天气
/Data/dataset/catslu_test/data/weather/audios/406c2a992a64f6d526b92701eaadf742_59aa431790ee6d0219000013.wav,嗯深圳的天气怎么样,深圳,还好吗深圳的天气怎么样
/Data/dataset/catslu_test/data/weather/audios/cc4284e1323ee023c8ed922931bb634a_59beed5d3327930c5200000e.wav,广州的天气有雨吗,广州,广州的天气有雨吗
/Data/dataset/catslu_test/data/weather/audios/cc4284e1323ee023c8ed922931bb634a_59beed853327930c52000012.wav,二十一号广州天有雨吗,广州,二十一号广州有天有雨吗
/Data/dataset/catslu_test/data/weather/audios/8ff8b8603be1d19b9a8f3e9026e4de70_59c49b5f3327930c48000093.wav,今天上海天气,上海,今天上海天气
/Data/dataset/catslu_test/data/weather/audios/beb95a5739302fedd63945a439a60ca7_59c210223327930c3f000065.wav,上海今天有雨吗,上海,上海今天有雨吗
/Data/dataset/catslu_test/data/weather/audios/ed0babfdd7575cebd5317a3e072ccb85_59b21b6933279313e7000663.wav,今天杭州天气怎么样,杭州,今天杭州天气怎么样
/Data/dataset/catslu_test/data/weather/audios/36aae0b6a775d1b3d1b1d72e2c3488e7_59bb17888827ad0075000010.wav,小明看一下今天广州的天气,广州,小明看一下今天广州的天气
/Data/dataset/catslu_test/data/weather/audios/ffd962bc55edd2ee77513e1beee8ef2b_59bfc3848827ad007c000077.wav,明天珠海天气,珠海,明天珠海天气
/Data/dataset/catslu_test/data/weather/audios/aa68b765946cccc52d80c17e3ab0de2d_59cd8bb33327930c3e000020.wav,南京多少度南京多少度看吧它这里在叫呃有有在闪的时候它就有在听你说话知道吗,南京,南京多傻柱南京多少洞干嘛它这里在有时候在闪的时候它就有带你说话知道吗
/Data/dataset/catslu_test/data/weather/audios/db7b264e7e47152cf02697a8577f37da_59c4d734627fb70f24003748.wav,明天天津有雨吗,天津,明天天津有雨吗
/Data/dataset/catslu_test/data/weather/audios/d08e2ab034666166b33050f03930ab43_59c8e756332793029800005e.wav,济南的天气今天怎么样,济南,济南的天气今天怎么样了
/Data/dataset/catslu_test/data/weather/audios/029af0a656a291aa11eebaa642f3cbee_59aa018c3327930c4b00001e.wav,你播放上海今天天气预报,上海,你播放上海真正恳吃日糕
/Data/dataset/catslu_test/data/weather/audios/7c24ce34375aa4e9a9bddc19c6b426f2_59c9c69c3327930c52000098.wav,今天上海还会下雨吗,上海,今天上海还未下雨吗
/Data/dataset/catslu_test/data/weather/audios/7972ffe29495b71805ba8f205f6a38eb_59ba89ae8827ad00a500013b.wav,明天哈尔滨的天气如何,哈尔滨,明天哈尔滨的天气如何
/Data/dataset/catslu_test/data/weather/audios/0c07b7ede3dc166eaaa59a107ec1f952_59c39b363327930c460000bd.wav,北京天气怎么样,北京,二去北京天气怎么样
/Data/dataset/catslu_test/data/weather/audios/c9087c20b53a76514ee896c6db862753_59b112648827ad007c000014.wav,今天盐城的天气,盐城,今天盐城的天气
/Data/dataset/catslu_test/data/weather/audios/8657a9f7c8bf9b24fc212405a7576097_59c89fb9627fb70f24003adf.wav,明天天津有雨吗,天津,人间监听有雨吗
/Data/dataset/catslu_test/data/weather/audios/c61298051ef6b6bd4e4c3b92068aaf62_59c9d92c627fb70f24004435.wav,下午深圳有风吗,深圳,下午份证有风吗
/Data/dataset/catslu_test/data/weather/audios/9f1b789a33c3cd6c0bc60b1b24d0d4dc_59beed4e3327930c5200000d.wav,广州天气啥天气啊,广州,广州天气赛天气
/Data/dataset/catslu_test/data/weather/audios/fd3bbae1bbee040e204da827b7d4b7ab_59bcc73433279301b500004d.wav,香格里拉市,香格里拉市,相隔里拉氏坐
/Data/dataset/catslu_test/data/weather/audios/aa74563aba752b4d2e524b988f30a444_59bcef5990ee6d0219000008.wav,今天深圳天气怎么样,深圳,今天深圳天气怎么样
/Data/dataset/catslu_test/data/weather/audios/67f7127023630ac4f37865c8bde47cb5_59c89cb0627fb70f24003a85.wav,明天天津有雨吗,天津,明天天津有雨吗
/Data/dataset/catslu_test/data/weather/audios/b31a3009390a128163d6cf6bd8dd312a_59c8742390ee6d0219000001.wav,深圳的天气怎么样,深圳,是您的天气怎么样
/Data/dataset/catslu_test/data/weather/audios/b27f5d4467519bb15031c0aee756ec16_59ca2d988827ad0080000001.wav,嗯先给我报一下明天珠海的天气吧,珠海,先给我报一下明天珠海的天气吧
/Data/dataset/catslu_test/data/weather/audios/29f75921735f17d27ecc558b208730af_000001018b68790033000007.wav,台北明天天气怎样,台北,台北明天天气怎样
/Data/dataset/catslu_test/data/weather/audios/3742085ece7044dc919c71e394e24ab9_59afcde88827ad007c00000c.wav,珠海明天的天气怎么样,珠海,这么海明天的天气怎么样
/Data/dataset/catslu_test/data/weather/audios/cdb9ebce145b0ccb3d24e65ed9af6389_59c5d56c90ee6d0219000001.wav,今天深圳天气怎么样,深圳,今天杉杉天气怎么样
/Data/dataset/catslu_test/data/weather/audios/dc2ef86452d30824b514388d81c7ff7c_59bfc4683327930299000009.wav,明天淮安清江浦区的天气,淮安,明天淮安新疆浦区的天气
/Data/dataset/catslu_test/data/weather/audios/12ba95d2623286cd1b906003bf3c69b6_0000004d8b68790033000003.wav,深圳今天天气怎么样,深圳,最美的光
/Data/dataset/catslu_test/data/weather/audios/af02b8e8732a0992d600397b6d6e31df_59bf18ea8b68790037000019.wav,深圳的天气,深圳,深圳的天气
/Data/dataset/catslu_test/data/weather/audios/af02b8e8732a0992d600397b6d6e31df_59bf18ff8b6879003700001c.wav,今天深圳的天气,深圳,今天深圳的天气
/Data/dataset/catslu_test/data/weather/audios/af02b8e8732a0992d600397b6d6e31df_59bf19148b6879003700001f.wav,今天深圳的天气,深圳,今天深圳的天气
/Data/dataset/catslu_test/data/weather/audios/af02b8e8732a0992d600397b6d6e31df_59bf19298b68790037000022.wav,深圳的天气,深圳,深圳的天气
/Data/dataset/catslu_test/data/weather/audios/41bc5688455549ee0783d3b7952ebfba_59c87522d3458d0ed40041d9.wav,明天天津有雨吗,天津,明天天津有雨吗
/Data/dataset/catslu_test/data/weather/audios/815b558899d4539b873eff5da88abc5f_59bf669e3327930cc800000d.wav,浙江衢州今天的天气怎么样,衢州,浙江衢州今天的天气怎么样会更长的
/Data/dataset/catslu_test/data/weather/audios/ff3aaff8dc335aa2ec17c3282a5fab83_59af3c5d332793149600000d.wav,今天湖州会不会下雨呀,湖州,今天湖州会不会下雨啊
/Data/dataset/catslu_test/data/weather/audios/824cecd4d3e9b21eee45c6fd070864e5_59b787d03327931089000026.wav,我知道渭南的天气,渭南,我知道魏楠的天气
/Data/dataset/catslu_test/data/weather/audios/f1d766644638194f9833fd9c6db87c17_59cb3788332793029e000011.wav,乌鲁木齐的天气,乌鲁木齐,乌鲁木齐的天气
/Data/dataset/catslu_test/data/weather/audios/29c8ad85bb067872d154fe6ac0acbee8_59cf504a3327930c4f0000f7.wav,今天上海天气,上海,今天上海天气
/Data/dataset/catslu_test/data/weather/audios/94b395a3ab1197cb30b8c0e6a5cb3e58_59ade5093327930267000019.wav,玉林天气,玉林,玉林天气
/Data/dataset/catslu_test/data/weather/audios/f507653abf0a5a06bbd6c1b303a9f3e1_59bcc7c58827ad007c000006.wav,今天上海天气如何,上海,今天上海天气如何
/Data/dataset/catslu_test/data/weather/audios/92046617c20f5c7626f666a8d0141292_59a9346b33279302a2000025.wav,青岛的天气如何,青岛,倾倒在天气如果
/Data/dataset/catslu_test/data/weather/audios/d887b7161ab1ee6ac0c17d01c16ddf60_59cd076b8827ad00a800000f.wav,深圳的天气,深圳,真正的天气
/Data/dataset/catslu_test/data/weather/audios/568ca85e56bad6db85030fe8bdae11d6_59cc727890ee6d0224000030.wav,深圳的天气怎么样,深圳,深圳的天气怎么样
/Data/dataset/catslu_test/data/weather/audios/1409a68f3ab42cf3f973b803137dd874_59cb93e2627fb70cfc0002c2.wav,明天天津有雨吗,天津,明天天津有雨吗
/Data/dataset/catslu_test/data/weather/audios/75472e78277d99383ba42bc522fe5582_59b688c33327930c5b000025.wav,明天北京的天气预报,北京,明天北京的天气预报
/Data/dataset/catslu_test/data/weather/audios/b3fa0cd02a82e5d7d97b69d68bf7a5a3_59aa2a0933279302670001a4.wav,明天深圳明天天气多少,深圳,你也可以明天生圳明天天气多少也可以
/Data/dataset/catslu_test/data/weather/audios/1dea295e3955a9139406498b1ac81a5c_59cedf298827ad00a5000031.wav,说一下怀化的天气情况,怀化,说一下怀化的天气情况
/Data/dataset/catslu_test/data/weather/audios/8feb4694eaf97f9ea5f2fd5dd09305e3_59aa413a90ee6d0219000001.wav,深圳的天气怎么样,深圳,深圳的天气怎么样
/Data/dataset/catslu_test/data/weather/audios/df46a02b7715fc74a95705d4a4a18586_59ca07ea90ee6d0224000008.wav,今天成都天气怎么样,成都,今天陈都天气起危暗
/Data/dataset/catslu_test/data/weather/audios/26fd4a570467efa37586d3d8fbe5721a_59b634413327930293000010.wav,今天杭州的天气怎么样,杭州,今天杭州的天气怎么样
/Data/dataset/catslu_test/data/weather/audios/32b9261dc5883b11a03ab751627d5858_398a4203398a4203398a4203.wav,今天深圳的天气,深圳,恭喜今年深圳的天气
/Data/dataset/catslu_test/data/weather/audios/32b9261dc5883b11a03ab751627d5858_29b8ed0429b8ed0429b8ed04.wav,深圳天气,深圳,深圳天气
/Data/dataset/catslu_test/data/weather/audios/43fe74fdecfdfc4756849dcdfa4cebd8_59af30cc8827ad00a50000e0.wav,南通的天气,南通,南通站天气
/Data/dataset/catslu_test/data/weather/audios/43fe74fdecfdfc4756849dcdfa4cebd8_59af30d48827ad00a50000e2.wav,今天的天气今天南通的天气,南通,今天的天气今天南通的天气
/Data/dataset/catslu_test/data/weather/audios/b32b4cfa485bf11bc9a3be717708569a_59c4a5903327930c51000009.wav,长治天气怎么样,长治,长治天气怎么样
/Data/dataset/catslu_test/data/weather/audios/24b1c6adca91395fe6d62b88daec2bba_59c4b942627fb70f24003474.wav,下午深圳有风吗,深圳,下午深圳有风吗
/Data/dataset/catslu_test/data/weather/audios/53abd84a20074d94c4b91a6a4b33a4f1_59a8a9e73327930c4a0001eb.wav,上海今天什么天气啊,上海,上海今天什么天气啊
/Data/dataset/catslu_test/data/weather/audios/6c1620e3fd08d8a545a1e0b8cb8d264a_59ba9878332793122100000b.wav,深圳明天天气,深圳,深圳明天天气
/Data/dataset/catslu_test/data/weather/audios/92e4e8d222b7d9d64b5d619c86953160_59ccded433279312da000003.wav,深圳的天气怎么样,深圳,乡镇的天气怎么样
/Data/dataset/catslu_test/data/weather/audios/6bfe9e60ad9aecf191424488e6fb7871_59cc6a9c8827ad00ab000059.wav,兰州的天气怎么样,兰州,兰州的天气怎么样
/Data/dataset/catslu_test/data/weather/audios/cf6132df5d544e5557c7f9e8eb85c777_59c4e1263327930dd60002a8.wav,北京天气怎么样啊,北京,北京天气怎么样啊
/Data/dataset/catslu_test/data/weather/audios/1a018a122876ce1b519aed3966360da1_59b9e5033327930c58000005.wav,小蛋今天杭州天气怎么样,杭州,小丹今天杭州天气怎么样
/Data/dataset/catslu_test/data/weather/audios/17eb17a6c314530fb3d6a7d4e68634db_59ca43ae33279302a700003c.wav,济南的天气今天怎么样,济南,济南的田气今天怎么样
/Data/dataset/catslu_test/data/weather/audios/69f9faa46e7a73d79a867d44c19b540d_59cef41c3327930c30000057.wav,青岛的天气怎么样,青岛,青岛的天气怎么样
/Data/dataset/catslu_test/data/weather/audios/e15f5feb437a4a47074e1964bde7f32e_59b087ac3327930c4e000007.wav,今天上海有雨吗,上海,今天上海有雨吗
/Data/dataset/catslu_test/data/weather/audios/e15f5feb437a4a47074e1964bde7f32e_59b087bb3327930c4e000008.wav,明天上海有雨吗,上海,明天上海有雨吗
/Data/dataset/catslu_test/data/weather/audios/859b83d0c550b9406139bc938211d37c_59bdcc9a3327930293000016.wav,今天广州天气,广州,今天广州天气
/Data/dataset/catslu_test/data/weather/audios/32f345cca352a6932b252007953640ae_59cdc0b7332793027400000a.wav,深圳今天的天气,深圳,那一辈子今天的天气
/Data/dataset/catslu_test/data/weather/audios/7ea926744b64c63736eea084f4cc0043_59cb2f8d332793029a000026.wav,乌鲁木齐的天气,乌鲁木齐,乌鲁木齐的天气
/Data/dataset/catslu_test/data/weather/audios/5fd9c207af2c252f110789ac9b16f9a7_59c0ed5d332793057d000018.wav,北京,北京,北京
/Data/dataset/catslu_test/data/weather/audios/7189fc69b229cba515906c98d6149a38_59afce2b8827ad007c00001a.wav,深圳明天会下雨吗,深圳,深圳每天会下雨吗
/Data/dataset/catslu_test/data/weather/audios/761aadc7327f6b482a51582dde531acf_59ae7d2a3327930922000045.wav,山东济宁梁山的天气,济宁,在山东济宁梁山的天气
/Data/dataset/catslu_test/data/weather/audios/66ba8db4b5b81730ce6251ac439cf957_59c4ae96332793027c000070.wav,今天纽约的天气,纽约,今天纽约的天气
/Data/dataset/catslu_test/data/weather/audios/acf23b87d89fd286f2f5eb910c4a9263_59bf2e273327937dbd000089.wav,今天深圳天气怎么样,深圳,今年深圳天气怎么样
/Data/dataset/catslu_test/data/weather/audios/d2f0d65760d60cbad351838f9732e250_59c8fa2a8827ad007d00000a.wav,明天北京的天气,北京,明天北京的天气
/Data/dataset/catslu_test/data/weather/audios/ff0b2b5e581f13e73ae61c42b6559b0d_59cc60ad8827ad00ac00000c.wav,中山的天气怎样,中山,中山的天气怎样
/Data/dataset/catslu_test/data/weather/audios/1cc6fdfab199f668b03f9c54b1a82feb_59cd804c8827ad007500002a.wav,请问珠海今天多少度,珠海,请问珠海今天多少度
/Data/dataset/catslu_test/data/weather/audios/1cc6fdfab199f668b03f9c54b1a82feb_59cd80578827ad007500002c.wav,珠海,珠海,珠海
/Data/dataset/catslu_test/data/weather/audios/2bed5af8e402c8e698ba4ce27b77c2c9_59c0f81b33279302ac00000b.wav,台州的天气,台州,台州的天气
/Data/dataset/catslu_test/data/weather/audios/07602fd55a5f9be4756a16f53f9c0e51_000000c38b68790033000004.wav,今天深圳什么天气,深圳,放一手机哥
/Data/dataset/catslu_test/data/weather/audios/122823f34f8a19033aa16aed56139060_59ab99c58b6879003700000e.wav,今天今天什么天气呀深圳,深圳,今天今天什么天气深圳
/Data/dataset/catslu_test/data/weather/audios/9f60006a531db5b9ad571ed1522ef029_59c1f3e83327931491000085.wav,今天上海天气,上海,今天上海天气
/Data/dataset/catslu_test/data/weather/audios/c0ab3c6e797f7e88046334ca814873e9_59ce297f8827ad007c000022.wav,北京天气,北京,北京天气
/Data/dataset/catslu_test/data/weather/audios/e991056b17a8a27429e01d4a74f4a36e_59cb63b83327930c90000058.wav,今天成都天气怎么样,成都,今天成都天气怎么样
/Data/dataset/catslu_test/data/weather/audios/e0fa3d3837e5029f72c208c1e20e0368_59aab31b8827ad007c00000b.wav,柳州天气怎么样,柳州,有周天气怎么样
/Data/dataset/catslu_test/data/weather/audios/e0fa3d3837e5029f72c208c1e20e0368_59aab3228827ad007c00000d.wav,广西柳州,柳州,广西柳州
/Data/dataset/catslu_test/data/weather/audios/cf9f384476cc60c55dc5c6528649d270_59c63fa13327930dd600073b.wav,明天襄阳的天气,襄阳,明天襄阳的天气
/Data/dataset/catslu_test/data/weather/audios/cf9f384476cc60c55dc5c6528649d270_59c63fb33327930dd600073c.wav,小乐襄阳今天的天气,襄阳,舍了襄阳今天的天气
/Data/dataset/catslu_test/data/weather/audios/cf9f384476cc60c55dc5c6528649d270_59c63fc83327930dd600073d.wav,小乐襄阳后天的天气,襄阳,小了阳后天的天气
/Data/dataset/catslu_test/data/weather/audios/c17fd0dafb557ee688efa424d37c03a6_59c7971c8827ad007c000028.wav,珠海市天气怎么样,珠海市,珠海的间隙怎么样
/Data/dataset/catslu_test/data/weather/audios/14deca2097f5ad67b9702df0e6de59a8_59c24d473327930d02000024.wav,济南的天气怎么样,济南,济南的天气怎么样
/Data/dataset/catslu_test/data/weather/audios/0ef9e239bf4fb355f4f92ccdd857ab8c_59c4d77ed3458d0ed4003fc3.wav,下午深圳有风吗,深圳,三点下午深圳有风吗
/Data/dataset/catslu_test/data/weather/audios/c5038972d2107ea4290bc5a492a1100d_59abcdb933279363a1000014.wav,临夏市,临夏市,其他也没有说买你菜
/Data/dataset/catslu_test/data/weather/audios/e483d1f8ac55467f9f7c84d87cb1521e_59bcd6143327930b7b00027a.wav,岳阳市了,岳阳市,唐岳阳四
/Data/dataset/catslu_test/data/weather/audios/fded849e8ee8b0307082d1209e65c407_59cda8ed90ee6d022400000c.wav,广州天气,广州,广州天气
/Data/dataset/catslu_test/data/weather/audios/b99fbb60bf76eb98fd7b4295d1594100_59cc8be43327930c2c000075.wav,今天北京天气有雾霾吗,北京,今天北京天气有雾霾吗
/Data/dataset/catslu_test/data/weather/audios/aa1ea7ed36307f87e7fbd1c8ae6aad34_59cb794fffba99027c000003.wav,今天深圳什么天气,深圳,今天深圳什么天气
/Data/dataset/catslu_test/data/weather/audios/d2fe20f2c0363f20e5b09e7b2c3122b6_59af9d3e90ee6d021c000003.wav,深圳天气怎么样,深圳,等应不到了深圳天气怎么样
/Data/dataset/catslu_test/data/weather/audios/885ae04a4492610563c021cd72f96ce4_59c4c12290ee6d0224000083.wav,沈阳现在外面的天气如何,沈阳,沈阳现在外面的天气如何
/Data/dataset/catslu_test/data/weather/audios/541f6d56b69b32287e0032be772c3e8a_59ba305a90ee6d021900000b.wav,深圳天气怎么样,深圳,深圳田忌怎么样
/Data/dataset/catslu_test/data/weather/audios/a9a53ac131f2cd9b4127408e8365fcf0_59cc6dc68b6879003900001b.wav,江门天气预报,江门,家门天气预报
/Data/dataset/catslu_test/data/weather/audios/a9a53ac131f2cd9b4127408e8365fcf0_59cc6dcf8b6879003900001e.wav,江门天气预报,江门,江门天气易报
/Data/dataset/catslu_test/data/weather/audios/a9a53ac131f2cd9b4127408e8365fcf0_59cc6dda8b68790039000021.wav,江门天气,江门,家门天气
/Data/dataset/catslu_test/data/weather/audios/a9a53ac131f2cd9b4127408e8365fcf0_59cc6de58b68790039000024.wav,广州天气,广州,广州天气
/Data/dataset/catslu_test/data/weather/audios/ea053a994a0cc860750cf5c74485928d_59bd2d203327935538000043.wav,今天昆明有几度,昆明,今天昆明有几度
/Data/dataset/catslu_test/data/weather/audios/7b89ed4bd60efa164ab5c497b1eed593_59ca18ad627fb70f240049f3.wav,长沙后天的天气,长沙,曹操后天的天气
/Data/dataset/catslu_test/data/weather/audios/45ce569abe7cb30fc45e5333b19b7d3d_59b0b4333327930ce300000e.wav,我要查沈阳的,沈阳,我要查沈阳的
/Data/dataset/catslu_test/data/weather/audios/dd09eb3c2a77a4f49fc10f8c8b761069_59c31c9590ee6d0219000007.wav,上海的天气今天怎么样,上海,上海的天气今天怎么样
/Data/dataset/catslu_test/data/weather/audios/491fb6e1353d41d940f6442c091ad6c1_59c4d752627fb70f2400374c.wav,长沙后天的天气,长沙,曹操后天的天气
/Data/dataset/catslu_test/data/weather/audios/3d364037f249b62a1d56d8bfb80784ce_59b2449a90ee6d0229000006.wav,这个是北京天气怎么样,北京,这个是北京天气怎么样
/Data/dataset/catslu_test/data/weather/audios/1de9087e76638da82f2ea669122dfd45_59c4da8bd3458d0ed4004017.wav,长沙后天的天气,长沙,曹操后天的天气
/Data/dataset/catslu_test/data/weather/audios/848815f1b9f8ed2962597a5167408c6c_4a38b2734a38b2734a38b273.wav,今天重庆的天气怎么样,重庆,石料梁今天重新的天气怎么样
/Data/dataset/catslu_test/data/weather/audios/5b1ef6d9c8f8952db36965bd207cda19_59ccad348b6879003a00004c.wav,广州的天气怎么样,广州,广州的天气怎么样
/Data/dataset/catslu_test/data/weather/audios/5b1ef6d9c8f8952db36965bd207cda19_59ccad3d8b6879003a00004f.wav,上海的天气怎么样,上海,可以的上海的建是怎么样修改
/Data/dataset/catslu_test/data/weather/audios/5b1ef6d9c8f8952db36965bd207cda19_59ccad478b6879003a000052.wav,北京的天气怎么样,北京,北京那天气怎么样
/Data/dataset/catslu_test/data/weather/audios/5b1ef6d9c8f8952db36965bd207cda19_59ccad588b6879003a000055.wav,杭州天气怎么样,杭州,杭州天气怎么样
/Data/dataset/catslu_test/data/weather/audios/5b1ef6d9c8f8952db36965bd207cda19_59ccad608b6879003a000058.wav,成都的天气怎么样,成都,现在我在搞成都的天记怎么样
/Data/dataset/catslu_test/data/weather/audios/3706706d3f9dd3ee9aac6f93ea32c438_59c63aab90ee6d0224000005.wav,三天后长沙的天气怎么样,长沙,三天后残杀的天气怎么样
/Data/dataset/catslu_test/data/weather/audios/8f529677179ca7d11da7125bb548d95c_59cd8aed3327930c3e000015.wav,宜宾多少度宜宾多少度,宜宾,乌丫豆宜宾多少度一斤就少度
/Data/dataset/catslu_test/data/weather/audios/3ad2dfa2a61664aa51c0e496334a841a_000001c38b68790038000001.wav,深圳今天天气,深圳,深圳今天一天气
/Data/dataset/catslu_test/data/weather/audios/26d16d22b53a766391962d66c393dafe_59ccc5c08827ad007c000037.wav,今天深圳天气怎么样,深圳,今天深圳天气怎么样
/Data/dataset/catslu_test/data/weather/audios/3ca77a37f2ab3b552fc05302a9fd8764_59be176d332793052400005a.wav,成都,成都,成都
/Data/dataset/catslu_test/data/weather/audios/72238b35aa57f247e89e3d954711ce87_59c258833327930274000009.wav,深圳今天的天气怎么样,深圳,深圳今天的天气怎么样
/Data/dataset/catslu_test/data/weather/audios/11b406181f187816782daecf58712aae_59c5dae633279302a5000004.wav,今天广州天气如何,广州,今天广州天气如何
/Data/dataset/catslu_test/data/weather/audios/89698bf570318f8c8f4805f77f795ef7_59c116d98827ad007c000035.wav,今天杭州天气怎么样,杭州,今天好像说天气怎么样
/Data/dataset/catslu_test/data/weather/audios/a53ad03b7b928fd7c048b8a94453f890_59ca36c9627fb70f24004c69.wav,长沙后天的天气,长沙,长沙后天的天气
/Data/dataset/catslu_test/data/weather/audios/9e4b4587654fe53a9d65aaed2e76b825_59ce298a8827ad007c000023.wav,杭州天气,杭州,周天气
/Data/dataset/catslu_test/data/weather/audios/457dc5b32aaea99ef72164023fab235a_59cc6b4b8827ad00ab000081.wav,洛阳的天气怎么样,洛阳,洛阳的天气怎么样
/Data/dataset/catslu_test/data/weather/audios/3209d2c6cbe1bf4aa284839176ae9a7d_77bc58d577bc58d577bc58d5.wav,珠海天气怎么样,珠海,珠海天气怎么样
/Data/dataset/catslu_test/data/weather/audios/18f29656a194d57eaff204b8e76ef17b_32af277532af277532af2775.wav,今天重庆的天气怎么样,重庆,今天重庆的天气怎么样
/Data/dataset/catslu_test/data/weather/audios/72d8a5a442b941781763fd180a8bcc88_59bbd7618827ad006b00000f.wav,今天海口的天气怎么样,海口,今天海口的天气怎么样
/Data/dataset/catslu_test/data/weather/audios/50bef29782153b9a970d4eaf015288e9_59c0c5728b6879003900005c.wav,俄罗斯莫斯科的天气,莫斯科,俄罗斯莫斯科的天气
/Data/dataset/catslu_test/data/weather/audios/50bef29782153b9a970d4eaf015288e9_59c0c58b8b6879003900005f.wav,深圳的天气,深圳,深圳的天气
/Data/dataset/catslu_test/data/weather/audios/9a2ba9b59248cc030f8a7612b1495531_59c32466588bb10ce0000009.wav,东莞天气,东莞,东莞天气
/Data/dataset/catslu_test/data/weather/audios/c6e09db0b187e9e5694fdb467154cd01_59c9e0f2627fb70f240044df.wav,明天天津有雨吗,天津,明天天津有雨吗
/Data/dataset/catslu_test/data/weather/audios/7ae11e408581a631d53600c2fea2587c_59cb8ff18827ad00a500007e.wav,明天南京什么天气,南京,明天南京什么天气
/Data/dataset/catslu_test/data/weather/audios/961d33221ad88e8da82372f039518419_59b08a01332793091e00002d.wav,襄阳今天的天气怎么样,襄阳,逍遥今天的天气怎么样
/Data/dataset/catslu_test/data/weather/audios/594178f8d0685b9dd41557ac66b5fee3_59ac7faa8827ad00ac00011d.wav,今天廊坊天气预报,廊坊,今天廊坊天气预报
/Data/dataset/catslu_test/data/weather/audios/594178f8d0685b9dd41557ac66b5fee3_59ac7fc88827ad00ac000121.wav,南京今天天气预报,南京,南京集行电局吧
/Data/dataset/catslu_test/data/weather/audios/6dc6c862a6acfdcaab6ce7a33b8f65ca_59b0b78c33279302aa000018.wav,上海的天气,上海,上海的天气
/Data/dataset/catslu_test/data/weather/audios/8d2bfa4348d98d63257c625aff6391ab_59cb8ce33327930c5000000f.wav,福州明天什么天气呀,福州,服装明天什么天气啊
/Data/dataset/catslu_test/data/weather/audios/0bf4b7db06c6c319fc9e8a746fd0c67a_59aa0fa88b68790038000014.wav,江门天气预报,江门,家门天七一八
/Data/dataset/catslu_test/data/weather/audios/b45e85a3391f5423c8c704558343b969_59ac9c2833279312250000e4.wav,遵义市汇川区,遵义市,这是惠川区
/Data/dataset/catslu_test/data/weather/audios/a7cbd98bd521aa42cf602d66baf87a75_59c9938d90ee6d0224000054.wav,沈阳天气,沈阳,沈阳天气
/Data/dataset/catslu_test/data/weather/audios/99ba950ee5f80765436cc18c156b4567_0000019e8b6879003300001f.wav,台南天气,台南,是啊
/Data/dataset/catslu_test/data/weather/audios/85ea87fc225c50572b5e99cd54c1d13b_000002c68b68790033000005.wav,深圳天气怎么样,深圳,三战天气怎么样
/Data/dataset/catslu_test/data/weather/audios/7802fb41556e87da8eaf73cdcc811171_59b12c133327930c5200005f.wav,今天上海的天气怎么样,上海,今天上海的天气怎么样
/Data/dataset/catslu_test/data/weather/audios/21b06eaa10f6a25f88ddc71cf547787d_59b143448827ad007c00002c.wav,今天深圳天气怎么样,深圳,今天深圳天气怎么样
/Data/dataset/catslu_test/data/weather/audios/abf100a8282079cde3d2c7b3e2e404e4_59acfbc833279302cd000037.wav,今天深圳的天气,深圳,今天深圳的天气
/Data/dataset/catslu_test/data/weather/audios/af5820ff49a1e5f8e6167e3ef986055f_59ccb4a5332793031700007a.wav,上海天气,上海,上海天气
/Data/dataset/catslu_test/data/weather/audios/1cf4e37bc6a76b2326544418e25f1ea0_59b793b033279304a2000021.wav,深圳明天天气,深圳,深圳的天天气
/Data/dataset/catslu_test/data/weather/audios/78674ab1d70488dc10cf837d47e05e21_59ccdfe28827ad007c000006.wav,明天张家口张北的天气,张家口,明天张家口张北那天气
/Data/dataset/catslu_test/data/weather/audios/49800bc3befb7a06446b88f177384d40_59cc69618827ad00ab000005.wav,珠海的天气怎么样,珠海,珠海的天气怎么样
/Data/dataset/catslu_test/data/weather/audios/fa62ada5e4220aceb6eac16b6200f1f2_59b91f6c90ee6d0219000003.wav,深圳今天的天气怎么样,深圳,深圳今天天气怎么样
/Data/dataset/catslu_test/data/weather/audios/5b5f179d2e5b03a518a8c4787c785238_59c4903a90ee6d0219000003.wav,沈阳天气怎样,沈阳,沈阳天气怎样
/Data/dataset/catslu_test/data/weather/audios/7d6805a49dcf83737953ff8fe70d9f48_59bb64a98827ad00a5000067.wav,东营天气怎么样,东营,都已经贴气怎么样
/Data/dataset/catslu_test/data/weather/audios/a223f0cc8245607393b1c021d0b8e572_0000013a8b68790031000004.wav,珠海明天天气怎么样,珠海,你好啊
/Data/dataset/catslu_test/data/weather/audios/40990fe98d70996c2055242c4c344af7_59b9004e3327931aff000032.wav,南京,南京,南京张
/Data/dataset/catslu_test/data/weather/audios/17a60e4e3f6bfab3047e4f64a01a27fa_59cdb1eb3327930922000009.wav,我要看兰州天气,兰州,我要看南东天戏
/Data/dataset/catslu_test/data/weather/audios/b527b7d0371404c86c397c43fc2b88ae_59bcbd593327930299000053.wav,深圳的天气,深圳,深圳的天气
/Data/dataset/catslu_test/data/weather/audios/8ff06e8ca718779640323211bf4e1b8c_59b9b5248827ad007c000014.wav,常州,常州,常州
/Data/dataset/catslu_test/data/weather/audios/4da45cb604482ab4fa5d2b6a6d6071fd_59cc6a588827ad00ab000044.wav,广东省河源市的天气怎么样,河源市,广东省河源市的天气怎么样
/Data/dataset/catslu_test/data/weather/audios/45cf4213ef1ca6132b0325362dd77bac_59cb64fc627fb70edc001c70.wav,下午深圳有风吗,深圳,下午深圳有风吗
/Data/dataset/catslu_test/data/weather/audios/9cc5c046b65624eb92779fcc36906e4f_59bbad598827ad0080000001.wav,明天珠海的天气情况如何,珠海,明天珠海的天气情况如何
/Data/dataset/catslu_test/data/weather/audios/ef4964433ed493fe25dceec0b77dc9a8_59c335e133279302b9000035.wav,九月二十八号深圳的天气,深圳,九月二十八号深圳的天气
/Data/dataset/catslu_test/data/weather/audios/64f2f4c8999b9381f6a1b1354a73bd26_59bc8ba890ee6d0224000055.wav,广州天气怎么样,广州,大人广州天气怎么样
/Data/dataset/catslu_test/data/weather/audios/b39a96fd0ddc8a399d2c0210c31a90b2_59c1ab353327930c52000043.wav,廊坊天气预报,廊坊,廊坊天气预报
/Data/dataset/catslu_test/data/weather/audios/4a7cb9b6eec5d6f8f1f93bb388fbc7fc_59c1d9e43327930641000019.wav,阜新今天天气,阜新,父亲今天天气
/Data/dataset/catslu_test/data/weather/audios/438398685a6dc6ed572df7c41192d664_59c3755d90ee6d022400001b.wav,成都的天气怎么样今天,成都,成都的天气怎么样今天
/Data/dataset/catslu_test/data/weather/audios/0362344d050c83ca7f867f3d31354486_59b793a0332793029e000022.wav,深圳明天天气,深圳,深圳明天天气
/Data/dataset/catslu_test/data/weather/audios/146f9addf87443c1d1a59c41f3f79492_59c349328b6879003a000008.wav,青岛今天什么天气,青岛,先到今天什么天然气
/Data/dataset/catslu_test/data/weather/audios/e4304250d4e099259b2c8a022ec9409a_59ca12ce627fb70f24004945.wav,下午深圳有风吗,深圳,下午深圳有风吗
/Data/dataset/catslu_test/data/weather/audios/6b309a3617fb341055dd1d98fbb19698_59ce11118827ad007c00014c.wav,明天西安的天气怎么样,西安,明天西安的天气怎么样
/Data/dataset/catslu_test/data/weather/audios/2e2fa774e3c7c07abc6b9dce101230a4_59a8e5128827ad007c000024.wav,东莞的天气怎么样,东莞,东莞的天气怎么样
/Data/dataset/catslu_test/data/weather/audios/90fae16d04a4e95b3757a86bf2dedb21_59cada738827ad00a500003c.wav,明天青岛天气怎么样,青岛,明天清早天气怎么样
/Data/dataset/catslu_test/data/weather/audios/935b893dbe0c8a4a148c8d98a8ccd4e4_59a9585133279302a600001d.wav,深圳明天天气,深圳,深圳明天天气
/Data/dataset/catslu_test/data/weather/audios/221ac26b58d924591c1817f104752a8d_000008f98b68790033000007.wav,要查湖北荆州的天气,荆州,我要查湖北荆州的天气
/Data/dataset/catslu_test/data/weather/audios/2817c06c13089d2a832d4bd298590c06_59cb67213327930c3f0000f1.wav,明天杭州的天气,杭州,明天杭州的天气
/Data/dataset/catslu_test/data/weather/audios/f3c7ed165e99fb703f09f72b8b199b37_59cc282a8827ad00a5000012.wav,今天北京天气如何,北京,今天北京天气如何
/Data/dataset/catslu_test/data/weather/audios/8e82036c34197f67d4e39df1cd6def8a_59c4934e3327930ddd0001e4.wav,龙岩温度,龙岩,龙岩温度
/Data/dataset/catslu_test/data/weather/audios/8e82036c34197f67d4e39df1cd6def8a_59c4936f3327930ddd0001e6.wav,墨尔本天气,墨尔本,莫安半天气
/Data/dataset/catslu_test/data/weather/audios/08164205b2046e0a220150171a9befca_59a9369b332793031f000129.wav,上海明天天气,上海,上海明天天气
/Data/dataset/catslu_test/data/weather/audios/245aef1ea9d64114827f512969007cc8_59b7961233279302aa000027.wav,深圳的天气怎样,深圳,深圳的天气怎样
/Data/dataset/catslu_test/data/weather/audios/cc27c5fd349564f4d4024a6bb9ea5d1d_59c22b1633279304c7000058.wav,重庆,重庆,重庆你
/Data/dataset/catslu_test/data/weather/audios/d3f33dbc26b6543c6d486529e18786f1_59cb82798827ad00a5000361.wav,那个哈尔滨天气明天如何,哈尔滨,那个哈尔滨天气明天如何
/Data/dataset/catslu_test/data/weather/audios/f45233f84181082b9a48b9292489724c_59ce226b8827ad0080000001.wav,明天珠海的天气情况,珠海,明天珠海的天气情况
/Data/dataset/catslu_test/data/weather/audios/fe410635555753de7dc03ab9412c2523_59ab5e4e8827ad0075000015.wav,青岛市的天气如何,青岛市,青岛四代天气如何
/Data/dataset/catslu_test/data/weather/audios/902c6e8ccd1a04d351fb0919f6b5d988_59c844d18827ad007c00002a.wav,今天苏州的天气,苏州,今天苏州的天气
/Data/dataset/catslu_test/data/weather/audios/5b86c57354813c184f9f72ed96818f2d_59afdfd03327930c3f00018c.wav,上海天气怎么样啊今天,上海,上海天气怎么样啊今天
/Data/dataset/catslu_test/data/weather/audios/561ce6b26e6158c35b64ec7f9802f0d9_59ba9bd38827ad006400002a.wav,广州天气预报,广州,广州天气预报
/Data/dataset/catslu_test/data/weather/audios/883558e9d65062e842f275aaa003afff_59c4e7008827ad00a500000a.wav,郑州的天气,郑州,郑州的天气
/Data/dataset/catslu_test/data/weather/audios/f417c6db400e2c5209371fa88926b6a5_59cb37d7332793029e000013.wav,成都的天气,成都,成都的天气
/Data/dataset/catslu_test/data/weather/audios/c46396ea8c2272cca9cbcf74f72ce9c1_59c9f958ffba99020c000029.wav,香港明天天气,香港,香港明天天境
/Data/dataset/catslu_test/data/weather/audios/1cded85da9e251f018ec78e7b5d81734_59cda2648827ad00a5000007.wav,我说珠海的天气怎么样,珠海,我说珠海的天气怎么样
/Data/dataset/catslu_test/data/weather/audios/0a5f5f7b48a455e5b599be9941e734af_59ad0d3e8827ad00ac00001b.wav,郑州今天会下雨吗,郑州,郑州今天会下雨吗
/Data/dataset/catslu_test/data/weather/audios/f5513a10e4dc7d045caed0e43943ba7a_59acb6f490ee6d0219000001.wav,深圳的天气怎么样哦,深圳,天天的天气怎么样
/Data/dataset/catslu_test/data/weather/audios/ba6b3d98d8a0659b07054d8c76b9a52c_59c8ec5633279310c7000063.wav,我想知道明天重庆的天气怎么样,重庆,我想知道明天重庆的天气怎么样
/Data/dataset/catslu_test/data/weather/audios/07af1993fe44069b70381af9fc019325_59c0f69433279312de000029.wav,北京的天气怎么样,北京,我知道他们又不出桥北京的天气怎么样
/Data/dataset/catslu_test/data/weather/audios/2d05088d59598b9417a46d4bb0f32658_59ad672d3327930279000010.wav,深圳今天的天气怎么样,深圳,深圳今天的天气怎么样
/Data/dataset/catslu_test/data/weather/audios/2d05088d59598b9417a46d4bb0f32658_59ad67613327930279000023.wav,深圳今天的天气怎么样,深圳,深圳今天的天气怎么样
/Data/dataset/catslu_test/data/weather/audios/f0bb0ea1da1a080b1f5a110aa4d29998_59b9faee8b68790039000048.wav,深圳天气,深圳,深圳天际
/Data/dataset/catslu_test/data/weather/audios/c2478edc846685e548f89616f6a62b3d_59cc4e13627fb70cfc0004e8.wav,下午深圳有风吗,深圳,下午深圳有风吗
/Data/dataset/catslu_test/data/weather/audios/cef3c08e76709376979a125531f88ee0_59ca0cc5ffba99021200001d.wav,东莞天气,东莞,东贯天界
/Data/dataset/catslu_test/data/weather/audios/fc7dcc7b83e79fc4882aed6a01b3c8a1_59af556c3327930c2f0000ae.wav,今天上海天气怎么样,上海,今天上海天气怎么样
/Data/dataset/catslu_test/data/weather/audios/0f1f203390c880ce32ba2661cef510de_59cb56c6627fb70edc001b5c.wav,长沙后天的天气,长沙,曹操后天的天气
/Data/dataset/catslu_test/data/weather/audios/7182e8f4d6889dd304be1dc4d8b38eea_59b743a133279302aa00001d.wav,深圳的天气怎样,深圳,深圳的天气怎样
/Data/dataset/catslu_test/data/weather/audios/1c7e606bec110a10bfcf911f2e4e92bf_181a6c693327930c50000059.wav,聊城明天的天气怎么样,聊城,聊城明天的天气怎么样
/Data/dataset/catslu_test/data/weather/audios/1a7d2cc66086dcef6723013b3a84e8c8_0000005f8b68790031000001.wav,上海明天的天气情况,上海,你是谁
/Data/dataset/catslu_test/data/weather/audios/b35c1a2d236c5487f67a3f9a54fcf770_59cc30718827ad00a5000099.wav,广元今天的天气,广元,老人今天的天气
/Data/dataset/catslu_test/data/weather/audios/b35c1a2d236c5487f67a3f9a54fcf770_59cc307a8827ad00a500009b.wav,广元今天的天气,广元,广源今天的天气
/Data/dataset/catslu_test/data/weather/audios/b35c1a2d236c5487f67a3f9a54fcf770_59cc30848827ad00a500009d.wav,今天广元的天气,广元,今天广人的天气
/Data/dataset/catslu_test/data/weather/audios/b35c1a2d236c5487f67a3f9a54fcf770_59cc308e8827ad00a500009f.wav,今天广元的天气如何,广元,今天广元的天气如何
/Data/dataset/catslu_test/data/weather/audios/b9dc88a2534f3975e23c3379c76aec19_59b1149f29cdec0249000021.wav,成都天气预报,成都,成都天气预报
/Data/dataset/catslu_test/data/weather/audios/888850f812d92eab2c46a03a1baed46c_59b67ae9332793099200000f.wav,阜新天气,阜新,复兴天气从那有
/Data/dataset/catslu_test/data/weather/audios/1dca9a63575b9a99189f5c03fe83e96b_59cc7d473327930c5c000564.wav,郑州的天气怎么样,郑州,这弄得天气怎么样
/Data/dataset/catslu_test/data/weather/audios/039e7024615885cb0ae324eac90c25b7_59ac9e8b3327930c45000014.wav,今天上海天气,上海,今天上海天气
/Data/dataset/catslu_test/data/weather/audios/c4aaf0304060d9e23afb593058a0a705_59c6f6838827ad007c00001b.wav,今天郑州天气怎么样,郑州,今天郑州天气怎么样
/Data/dataset/catslu_test/data/weather/audios/345eadef70d38f13dd8228c3e6ed1092_59c0a7bc33279302a000000a.wav,嘉兴的天气,嘉兴,嘉兴的天气
/Data/dataset/catslu_test/data/weather/audios/1a25b08a00fa055220651d277967461c_59cbc0978b68790038000011.wav,深圳的天气,深圳,深圳的天气
/Data/dataset/catslu_test/data/weather/audios/14a15f36762d0b459799e7eb47884ed4_59ce0c6a3327930dac00002d.wav,明天杭州天气怎么样,杭州,明天杭州天气怎么样我
/Data/dataset/catslu_test/data/weather/audios/5463fc9d7bef9e24ff7636e678d65a5f_59aba6883327930c5200000f.wav,今天天津的天气,天津,我就想今天天津的天气
/Data/dataset/catslu_test/data/weather/audios/ed52d08a7dc12d6c19bd21e99c95e73a_59bd0bbd8827ad0076000006.wav,明天珠海的天气怎样,珠海,明天珠海的天气怎样
/Data/dataset/catslu_test/data/weather/audios/260c44fb20602b8eee0c8c0aaf2fee43_59bb4b123327930c7b000035.wav,今天南京天气,南京,军今天南京天气
/Data/dataset/catslu_test/data/weather/audios/4e9eb6afca11f19fcdba69f0d25c0973_59bcbde490ee6d0219000001.wav,广州天气怎么样,广州,广州天气怎么样
/Data/dataset/catslu_test/data/weather/audios/6efb2c04b80c1855342f9feb01d787fa_59cc4bde8b6879003a000001.wav,说一下今天深圳的天气情况,深圳,收下今天深圳的天气情况
/Data/dataset/catslu_test/data/weather/audios/6efb2c04b80c1855342f9feb01d787fa_59cc4be68b6879003a000004.wav,深圳南山区的天气,深圳,深圳南山区的天气
/Data/dataset/catslu_test/data/weather/audios/6efb2c04b80c1855342f9feb01d787fa_59cc4bf98b6879003a000007.wav,能说一下北京的天气情况吗,北京,您说一下北京的天气情况吗
/Data/dataset/catslu_test/data/weather/audios/d840b89cea13ab18790346141742949c_59ab663c8827ad006b000004.wav,合肥天气,合肥,合肥天气
/Data/dataset/catslu_test/data/weather/audios/bae4f6d1ccdd18fc4be18c0d2b1d3850_59bcd88a90ee6d0224000002.wav,深圳的天气怎么样,深圳,深圳的天气怎么样
/Data/dataset/catslu_test/data/weather/audios/8e5083b0c803292ae04580fd8216d810_59bc95f53327931cb600002c.wav,今天深圳的天气,深圳,今天深圳的天气
/Data/dataset/catslu_test/data/weather/audios/963ddc82e68fdef1a4edb10dcdcac409_59be20103327935113000066.wav,明天的温州天气,温州,同明天的温州天济
/Data/dataset/catslu_test/data/weather/audios/8e1a076faf4b01e5568378de00b05442_59c8839f8827ad007c000007.wav,今今天泰安新泰的天气怎么样,泰安,今天天太安心态的天气怎么样
/Data/dataset/catslu_test/data/weather/audios/7f85acfba07f67f250c03ddc5ba8f0a9_59b221f790ee6d0219000004.wav,深圳的天气怎么样,深圳,离开厂子上了大户现金的天气怎么样
/Data/dataset/catslu_test/data/weather/audios/9cf98046967756fa01ce4d197139988f_59bb6992332793293c00005b.wav,今天深圳气温,深圳,今天深圳气温
/Data/dataset/catslu_test/data/weather/audios/c2b27365374f4d81f5d4041132af3086_59cb6a2f3327930c3f000108.wav,上海什么天气啊,上海,上海什么天气啊电影
/Data/dataset/catslu_test/data/weather/audios/354623790b638826538e6def55e4e426_59b71b208827ad00a5000037.wav,广州天气,广州,广州天气
/Data/dataset/catslu_test/data/weather/audios/76617833715a7ecf661bdd44e0bbfea2_59b200ba3327931a6a000065.wav,宜宾市,宜宾市,一边是与血钙
/Data/dataset/catslu_test/data/weather/audios/873e221b0f74ec447f4540cf6669ff5b_59c2a24733279356c5000004.wav,抚州明天天气怎么样,抚州,你都每天听记怎么样
/Data/dataset/catslu_test/data/weather/audios/8e611d627dd3440fb11027be0a2adf1e_000000d48b68790033000008.wav,北京后天的天气怎么样,北京,双十山连续两足明知四郎仓库
/Data/dataset/catslu_test/data/weather/audios/16234d163e5a204fbbe2d574292f5f0b_59bf16da8827ad007c00000b.wav,成都天气怎么样,成都,难多天气怎么样
/Data/dataset/catslu_test/data/weather/audios/477e7f6bbffbc8c524ef4b88782967a0_59cb650190ee6d0219000003.wav,今天香港天气怎么样,香港,今天香港天气怎么样
/Data/dataset/catslu_test/data/weather/audios/db040d69bb31f30c02e039c2de0f7eb3_59b3d9823327931909000004.wav,盐城的天气怎么样,盐城,年纯的天气怎么样
/Data/dataset/catslu_test/data/weather/audios/5fb74e0dadb6dbd4947e8fd1878ce3fc_59ad05933327937100000011.wav,深圳今天的天气,深圳,身份今天的天气
/Data/dataset/catslu_test/data/weather/audios/a12393d141460ccc7d4c49cf5253c1c6_59aff6243327930c4a000009.wav,今天福州天气怎么样,福州,今天服坐天气怎么样
/Data/dataset/catslu_test/data/weather/audios/bc434b4e4b08c1b1e845546c1bfab7a4_59b78d87332793091b000011.wav,广东清远今天的天气,清远,光是东风轻远今天的天气考虑
/Data/dataset/catslu_test/data/weather/audios/121c9667919e22c3018f9e25c4b3f216_59bcf00033279302960000db.wav,深圳的天气今天如何,深圳,深圳的天气今天如何
/Data/dataset/catslu_test/data/weather/audios/276fcb56de4e019a80365ffa9dc8be74_59ace8d990ee6d0219000001.wav,今天深圳天气怎么样,深圳,今年三餐停机怎么样
/Data/dataset/catslu_test/data/weather/audios/c2e8249752be3b3d0ad07dcb84957268_59c651ad332793254d000017.wav,沈阳明天天气怎么样啊,沈阳,子扬明天天气怎么样啊
/Data/dataset/catslu_test/data/weather/audios/da493482230aa33864edb027355305af_000000438b6879003400000b.wav,广州的天气,广州,广州的天气
/Data/dataset/catslu_test/data/weather/audios/c9f4fb800b8ed6647ddd48ba7532f44c_59bcb9d78827ad007c000012.wav,杭州今天天气怎么样,杭州,杭州今天天气怎么样
/Data/dataset/catslu_test/data/weather/audios/f0eefb4f5c0c708809ffe722d5cb6724_59c4c140627fb70f24003536.wav,下午深圳有风吗,深圳,下午深圳有风吗
/Data/dataset/catslu_test/data/weather/audios/317d080fd4917a3bebb8bdf6f8b7e1cb_59ceca658827ad007c000012.wav,珠海,珠海,珠海
/Data/dataset/catslu_test/data/weather/audios/317d080fd4917a3bebb8bdf6f8b7e1cb_59ceca708827ad007c000014.wav,珠海,珠海,珠海
/Data/dataset/catslu_test/data/weather/audios/e373882319f9a8ea7d989339206dcd00_59c115de8827ad00a5000032.wav,明天保定天气怎么样,保定,明天保定天气怎么样
/Data/dataset/catslu_test/data/weather/audios/c5015967e6e23313df5b54e8ba596f12_59ce0ddf3327930c460001f6.wav,旅客们广播找人王怀珍旅客听明天上海有雨吗,上海,明天上海游雨吗网找人环怀之旅客
/Data/dataset/catslu_test/data/weather/audios/ff7c59e87324a9d658e13b12d6c477bb_59cb12393327931c4e00000d.wav,北京的天气怎么样,北京,被盯的天气怎么样
/Data/dataset/catslu_test/data/weather/audios/926c4894225a1a304075793411178a3d_59c34641627fb70f240031d7.wav,下午深圳有风吗,深圳,下午深圳有风吗
/Data/dataset/catslu_test/data/weather/audios/e63e40145d06548dd6eca5dde666b97d_59b8f82ee15aa70da8000106.wav,上海后天有风吗,上海,上海后天有风吗
/Data/dataset/catslu_test/data/weather/audios/8912f154c0027708005e7bba74d3793e_59cb3743332793029e00000d.wav,成都的天气,成都,成都的天气
/Data/dataset/catslu_test/data/weather/audios/f0bc396c4252e203e111fcdf6d3b3c43_59cdfc0b90ee6d0224000002.wav,三天后厦门的天气怎么样,厦门,三天后厦门的天气怎么样
/Data/dataset/catslu_test/data/weather/audios/5032be315e3babe8616cab1dfe05c059_59bf71183327937dbd0000c3.wav,今天深圳呃深圳天气怎么样,深圳,我今天生气深圳天气怎么样
/Data/dataset/catslu_test/data/weather/audios/3b97bd25530d051ced4f5f711a55b7e1_59bc9ebe8827ad007c00007f.wav,今天阜新的天气,阜新,今天母亲的天气
/Data/dataset/catslu_test/data/weather/audios/1a52c92a1e687750a4a8ecc8e1f640ca_59ce31cd3327930c6e000088.wav,海宁天气,海宁,还有明天去
/Data/dataset/catslu_test/data/weather/audios/8eda45b048cb98356aeeffb8052b8890_59c335c633279302b9000032.wav,十月一号深圳的天气,深圳,十月一号深圳的天气
/Data/dataset/catslu_test/data/weather/audios/5fd3af2ae3f16eb9994688cda1dd2bd8_59cccca18827ad006b000002.wav,今天晋城天气,晋城,今天进城前期
/Data/dataset/catslu_test/data/weather/audios/c53d2bd6502496d9c1a090405e407e27_59c522288827ad007c00000e.wav,明天广州天气怎么样,广州,明天广州天气怎么样
/Data/dataset/catslu_test/data/weather/audios/d7352b5d740bbb8aa844e433e5f7b53f_59cb6c923327930c56000015.wav,小乐明天杭州天气怎么样,杭州,饺子明天好像第二天气怎么样
/Data/dataset/catslu_test/data/weather/audios/e181cbed187db89ef457c8e40bd718bc_59cd7d878827ad00a50000e4.wav,广元今天的天气,广元,梦云今天的天气
/Data/dataset/catslu_test/data/weather/audios/d9c08a43424468a1aebde88b32874aaf_59c1f07e332793050d000096.wav,福州市福清,福州市,要望镜河都是不清
/Data/dataset/catslu_test/data/weather/audios/43a43446afa9d8e4510f94e71a458e02_59cd8c0d3327930c3e000025.wav,南京天气不是南京天气,南京,南京天气伯父想天常就
/Data/dataset/catslu_test/data/weather/audios/9ddd798b43241d4934f6fef37174b605_59c06bd17e78780c68000002.wav,今天上海的天气怎么样,上海,今天上海的天气怎么样
/Data/dataset/catslu_test/data/weather/audios/c40b844c0d8610c519260a59ecd12548_59afadc38a4fc30ca40000be.wav,郭德纲首尔天气怎么样,首尔,郭德纲首尔天气怎么样
/Data/dataset/catslu_test/data/weather/audios/fbc4bf87a17ea54e6d5a186c4ebdade7_59af3b0d33279320dd000044.wav,瓦房店市什么吉林省不是那个那个辽宁省得这么说哎哟哎呀瓦房店市,瓦房店市,这就得把房店视什么麒麟城不是那个辽宁省得这么说没有马房电视
/Data/dataset/catslu_test/data/weather/audios/94bcf00184f390d28a522b366bbcbb59_59ca3e1f627fb70f24004cc7.wav,长沙后天的天气,长沙,曹操后天的天气
/Data/dataset/catslu_test/data/weather/audios/59f255fd164f85b9c802581a4a9c6862_59a95644332793029600001d.wav,深圳明天天气,深圳,深圳五一天天气
/Data/dataset/catslu_test/data/weather/audios/342522d9353493d874887043a0ed0f74_59c1ec653327934f830000b0.wav,哈尔滨,哈尔滨,哈尔滨
/Data/dataset/catslu_test/data/weather/audios/380436a28a27c49bc2ba874721f09be8_000ebbc5332793031900003a.wav,今天深圳天气怎么样,深圳,今天深圳天气怎么样
/Data/dataset/catslu_test/data/weather/audios/0f47b66de6e42a3b531c7a7649cb9422_59ba4c5790ee6d0219000004.wav,今天广州天气怎么样,广州,今天广州天气怎么样
/Data/dataset/catslu_test/data/weather/audios/0d1287db06782c576058b70c2b96d92f_59cda9f03327930c35000028.wav,明天上海的天气怎么样,上海,明天上海的天气怎么样
/Data/dataset/catslu_test/data/weather/audios/9c637b705e44342650d67cce06721d20_000170fc3327930335000012.wav,深圳天气如何现在,深圳,孙正天气如何现在
/Data/dataset/catslu_test/data/weather/audios/499d0381c2a65f4d9bf91502725cfa60_59a9271333279305a3000098.wav,黑河,黑河,配合
/Data/dataset/catslu_test/data/weather/audios/508f411888c83dbeb49daf9aa08d977f_59ae1bd7332793029e000003.wav,今天青岛的天气如何,青岛,今天青岛的天气路口
/Data/dataset/catslu_test/data/weather/audios/96cfdff24629e021ea7995f2703dcbfe_59c8f1f33327930db00000e4.wav,告诉我明天成都的天气,成都,告诉我明天成都的天气
/Data/dataset/catslu_test/data/weather/audios/f412b312421a5d0133401a79040fe244_59bb8a048827ad007c000010.wav,明天深圳天气怎么样,深圳,明天三三天气怎么样
/Data/dataset/catslu_test/data/weather/audios/b3ba4e85712e7ea40d4e2281c1c6c5c2_59aa485290ee6d021900002b.wav,深圳的天气怎么样,深圳,神经的天气怎么样
/Data/dataset/catslu_test/data/weather/audios/218658dc866f66acec3e9d7dd37010a3_59b7b79a8b68790039000004.wav,江门天气预报,江门,怎么手机也不怎么办的修冰怎么只猫江门天气报
/Data/dataset/catslu_test/data/weather/audios/3eca057a8b44253b06d7bc99a409e7a2_59af55533327930c2f0000ab.wav,上海的温度怎么样,上海,上海的温度怎么样
/Data/dataset/catslu_test/data/weather/audios/5aeacab8b02c581703b59a8db06ca5f6_59cc8bb08827ad007c000046.wav,今天哈尔滨的天气怎么样,哈尔滨,今天花比每天气怎么样
/Data/dataset/catslu_test/data/weather/audios/3a1620e6d4a4aea51e2f5bde84d84abb_59b9cacb3327930dee000009.wav,深圳天气怎么样,深圳,来山震天气怎么样
/Data/dataset/catslu_test/data/weather/audios/2113255836a2880a6d4c1eb69427e962_59c21f1b332793029b00004e.wav,济南今天的天气怎么样,济南,济南今天的天气怎么样
/Data/dataset/catslu_test/data/weather/audios/031c1dcb6fd8f66016bfcbe7a9131a83_59c1072c8827ad007c000054.wav,青岛今天天气怎么样,青岛,青岛今天天气怎么样
/Data/dataset/catslu_test/data/weather/audios/38ef846598b8f5ae927c90c44b195e3c_000002718b68790032000006.wav,亳州的天气怎么样,亳州,嗯
/Data/dataset/catslu_test/data/weather/audios/38ef846598b8f5ae927c90c44b195e3c_000002948b68790032000008.wav,亳州的天气,亳州,二座的天气
/Data/dataset/catslu_test/data/weather/audios/8a67db442b57c422211e0ec5b6ff9b3f_59cb9f83627fb70cfc000434.wav,下午深圳有风吗,深圳,下午深圳有风吗
/Data/dataset/catslu_test/data/weather/audios/f56a9cd611013f5d3b1c99027b88947b_59c8ffa58827ad0075000017.wav,长沙明天的温度是多少啊,长沙,长沙明天的温度是多少啊
/Data/dataset/catslu_test/data/weather/audios/1e92b8d093817acd21633431678aae5d_59b0aaaa8827ad007500000b.wav,今天珠海的天气怎么样,珠海,明天珠海的天气怎么样
/Data/dataset/catslu_test/data/weather/audios/c93cd339de3cbcb59116a6e257aa01fe_59cb1a448827ad007c00000e.wav,北京明天的天气,北京,北京明天的天气
/Data/dataset/catslu_test/data/weather/audios/3912dfcaa5ce4a55715ca3b30d38c337_59c3ac0c3327930c54000363.wav,上海今天天气怎么样,上海,上海今天天气怎么样
/Data/dataset/catslu_test/data/weather/audios/71dcd5ca37acd4c8654cce9a14f12205_59cb2eb3332793029a000009.wav,今天填成都的天气,成都,今天成都的天气
/Data/dataset/catslu_test/data/weather/audios/b42614199305a0b5dffd88334e7e971c_59ab84b98827ad006b00000c.wav,武汉天气怎么样,武汉,你认真这怎么样
/Data/dataset/catslu_test/data/weather/audios/1edb922881673c09d59ac38e5fe1df41_59b10ce33327930255000009.wav,长春几度,长春,长春几度
/Data/dataset/catslu_test/data/weather/audios/f7e379f6dba3e659535c1ecf6c83fdd7_59c0729c3327930c47000030.wav,明天上海的温度多少,上海,明天上海的温度多少
/Data/dataset/catslu_test/data/weather/audios/755b090ba92cf12c8c4becbd9276ed4f_59cb810d8827ad0080000001.wav,明天珠海的天气情况如何,珠海,明天珠海的天气情况如何
/Data/dataset/catslu_test/data/weather/audios/770707d2604ec9c54c136fd4437e00eb_59b897e890ee6d0214000014.wav,广州天气怎么样,广州,广州天气怎么样
/Data/dataset/catslu_test/data/weather/audios/1fac69fe1b71a17bc06bb5e1618cf89a_59acb4e990ee6d0219000005.wav,呃今天天气深圳天气怎么样,深圳,今天天气深圳天气怎么样
/Data/dataset/catslu_test/data/weather/audios/b0303604dc5881acc9242cec8cbd2d6e_59ccfa3990ee6d021900005a.wav,北京明天会下雨吗,北京,北京明天会下雨吗
/Data/dataset/catslu_test/data/weather/audios/b1a74fde408147f487a1d8f1e450734f_59bcd1db3327930a37000004.wav,深圳今天的天气,深圳,深圳今天的天气
/Data/dataset/catslu_test/data/weather/audios/d8ce2e07ccff31315993e55112bf0e20_59bcfc2433279302e1000067.wav,明天烟台的天气情况,烟台,明天烟台的天气情况
/Data/dataset/catslu_test/data/weather/audios/2f4101fb883964e250fef8dd701f2835_59ab56b68827ad007c000002.wav,今天珠海天气怎么样,珠海,今天珠海天气怎么样
/Data/dataset/catslu_test/data/weather/audios/5abd20be297a52f7ead004192ebea9af_59af5f8290ee6d022400000c.wav,北京现在的天气是什么样的,北京,北京现在的天气是怎么样的
/Data/dataset/catslu_test/data/weather/audios/bfcb0cef31009efb46c483a46c59218b_59a9178a3327930c55000033.wav,今天深圳的天气怎么样,深圳,今天深圳的天气怎么样
/Data/dataset/catslu_test/data/weather/audios/44b60c7b3c12a57c6e26e51f8b3bfdcb_59c4d44433279338cf00002f.wav,深圳今天的天气,深圳,真正今天的天气
/Data/dataset/catslu_test/data/weather/audios/6bc7f8967537487b59f2b7410a7f3435_000000828b68790032000003.wav,嗯现在深深圳天气怎么样,深深圳,韩童
/Data/dataset/catslu_test/data/weather/audios/d2216b429297265c0bc44a03dabf61b2_59cb0fef627fb70edc000c42.wav,下午深圳有风吗,深圳,下午深圳有风吗
/Data/dataset/catslu_test/data/weather/audios/07a6c99bf675e0054633de460a847c83_59b1f9373327930c6e00002a.wav,纽约天气,纽约,纽约天气
/Data/dataset/catslu_test/data/weather/audios/384640b9ef727243a220c5c2fa484e03_000008038b68790032000003.wav,杭州的天气怎么样,杭州,杭州的天气怎么样
/Data/dataset/catslu_test/data/weather/audios/2b5eaef82623555d9dcc6c748527a3a8_59bf9a038827ad006b000007.wav,海口今天的温度是多少,海口,海口今天的温度是多少
/Data/dataset/catslu_test/data/weather/audios/8b880ad8780fce4fa770f83cf0f7e52c_59cc727090ee6d022400002e.wav,深圳的天气怎么样,深圳,深圳的天气怎么样
/Data/dataset/catslu_test/data/weather/audios/ce2974eea4a6b8c4d7b653c4d03658bf_59aa50f43327930c51000130.wav,今天上海会下雨吗,上海,今天上海会下雨吗
/Data/dataset/catslu_test/data/weather/audios/fa1dbd00093984f07517179ed0c64825_59aa9ef08827ad007c000025.wav,今天广州的天气怎么样,广州,今天广州的天气怎么样
/Data/dataset/catslu_test/data/weather/audios/b56f9fb7f39b04fed495a36107b010bd_59b15d3c8827ad00ac000093.wav,北京天气,北京,北京天气
/Data/dataset/catslu_test/data/weather/audios/3e504f88cd30aa3a3afedab390b50c77_59b7101b8827ad007c000004.wav,明天北京的天气,北京,明天北京的天气
/Data/dataset/catslu_test/data/weather/audios/4e4dfc0ad6f74c2df39a7d16dcf186bf_59c8b60f33279320fd00000c.wav,转过来嗯小比如说你可以跟它聊天看电视看动画片或者直接智能化的这种假如说小乐今天杭州天气怎么样,杭州,转过来比如说你可以跟他聊天看电视看动画片或者这些智能化的系统假说小乐今天杭州天气怎么样
/Data/dataset/catslu_test/data/weather/audios/0ad52151ee259872c92f757c00439400_59bd2c703327930299000012.wav,今天西安市什么天气,西安市,今天西安是什么天气
/Data/dataset/catslu_test/data/weather/audios/3cbd4d0b05c36f77f3f980a22f7201e0_59cdf33a8827ad007c0000ff.wav,明天深圳的天气怎么样,深圳,明天身份的天气怎么样
/Data/dataset/catslu_test/data/weather/audios/65a74a29742a3e043c19a42042cf082b_59c73e3e3327930c4b00007f.wav,上海天气怎么样,上海,上海天气怎么样
/Data/dataset/catslu_test/data/weather/audios/dac90704464668d5840a91c24038b07c_59b1c5d83327937de900007a.wav,日喀则,日喀则,平日苛则
/Data/dataset/catslu_test/data/weather/audios/934b0f0695dfcbf6ae372056daa63a98_59c755093327930298000003.wav,今天大田的天气,大田,今天大田的天气
/Data/dataset/catslu_test/data/weather/audios/e0c35fafcf75070ffff7ff2ee531a133_59c9c268627fb70f24004229.wav,明天天津有雨吗,天津,明天天津有雨吗
/Data/dataset/catslu_test/data/weather/audios/9fb7be596cf9f11f720ffe2174f904e8_59c31d578b687900d300000c.wav,你没给人家签协议人家没事深圳天气怎么样,深圳,你没给人家签协议人家不是说没事受任天气怎么样
/Data/dataset/catslu_test/data/weather/audios/1ca4a006124f9acdba5b65265ba59249_59b089dd332793091e000025.wav,今天十堰的天气怎么样,十堰,今天实验的天气怎么样
/Data/dataset/catslu_test/data/weather/audios/bb2c97e33ba28b326f0e8c821893e616_59bfc494332793029900000f.wav,淮安天气预报,淮安,真的是淮安天气预报
/Data/dataset/catslu_test/data/weather/audios/7e78d4b6470c7d0a3e53e885a789ce3e_59b793a233279302cd000023.wav,深圳明天天气,深圳,深圳民品电器
/Data/dataset/catslu_test/data/weather/audios/f6c8b252c6c0c57237f628ecf2430c39_59aa27113327930c420000a8.wav,今天武汉市天气怎么样,武汉市,今天武汉市的田气怎么样
/Data/dataset/catslu_test/data/weather/audios/df0566f9eba13e225f9c610f27eadc2b_59a8e77633279327b9000020.wav,简阳市三,简阳市,既阳市三峡湖
/Data/dataset/catslu_test/data/weather/audios/df6214a0bc604ce6bc2f310175effb3c_59adcf7d8827ad00ac000006.wav,上海市天气,上海市,上海市天气
/Data/dataset/catslu_test/data/weather/audios/07f50f4210d5b13974ec232957a4a565_59b64d993327930293000036.wav,上海的天气,上海,上海的天气
/Data/dataset/catslu_test/data/weather/audios/902483176e7e73054716f494ac3df405_3871f4728b68790039000019.wav,成都呢,成都,成都呢
/Data/dataset/catslu_test/data/weather/audios/12905de35373b90cbd0d4633d2140c92_59a8b3fd3327930c34000060.wav,今天上海冷不冷,上海,今天上海冷不冷
/Data/dataset/catslu_test/data/weather/audios/0153756e7945822d73a85c66f02f89f5_59bb82b090ee6d021400001b.wav,今天深圳的天气,深圳,今天深圳的天气
/Data/dataset/catslu_test/data/weather/audios/196448dd6c571766c731030b6fc842c6_59cd02c38827ad007c000008.wav,明天南宁天气如何,南宁,明家男明天气如何
/Data/dataset/catslu_test/data/weather/audios/fbe82ed78ea812f85e117c4c6530da30_59c9a0053327930c52000007.wav,今天上海天气,上海,今天上海天气
/Data/dataset/catslu_test/data/weather/audios/3ce575e2e02d8450bcbe4ff48ccec8f5_59be3bc0332793029b00001a.wav,台州的天气,台州,台州的天气
/Data/dataset/catslu_test/data/weather/audios/c7f749cff42d0488dccec6d896f692e6_59cc61c38827ad00ac000024.wav,广州的天气怎样,广州,广州的天气怎样
/Data/dataset/catslu_test/data/weather/audios/2a1e2cc65cbca466e94cbe75d1d32131_59b793a233279304a200001f.wav,深圳明天天气,深圳,深圳理念天气
/Data/dataset/catslu_test/data/weather/audios/5dcccb03886e018af0e244d341e0e1cc_59c3a9fe90ee6d0227000044.wav,沈阳明天天气怎么样,沈阳,沈阳明天天气怎么样
/Data/dataset/catslu_test/data/weather/audios/7e4f43131eade24957d7f1116d9d4d93_59b900f73327930c4b000088.wav,北京天气怎么样,北京,我你北京天气怎么样
/Data/dataset/catslu_test/data/weather/audios/192e88dfe2b5c42dea1ea5f6d7a7e25b_59c854398827ad00a5000008.wav,告诉我上海明天的天气,上海,告诉我上海明天的天气
/Data/dataset/catslu_test/data/weather/audios/63bece87f52ef3e82d93a192ef3aeaa3_59b52f3f8827ad00a50000cd.wav,明天广元的天气,广元,明天广源的天气
/Data/dataset/catslu_test/data/weather/audios/920925ea460559ff6774708cad184f71_59b897d890ee6d0214000012.wav,深圳的天气怎么样,深圳,深圳的天气怎么样
/Data/dataset/catslu_test/data/weather/audios/2d515c30afc92da10947e528e2c37690_5589ff645589ff645589ff64.wav,今天重庆的天气怎样,重庆,而今天重庆的天气怎样
/Data/dataset/catslu_test/data/weather/audios/aaedae5bce62405d28b3ec1d2477ba9b_59c51ba78827ad007c000007.wav,深圳的天气,深圳,深圳的天气
/Data/dataset/catslu_test/data/weather/audios/07b7bebd864c178e676750f8445b256f_59b928788827ad006b000012.wav,今天海口会不会下雨,海口,今天海口会不会下雨
/Data/dataset/catslu_test/data/weather/audios/69d88c19301fd6b49f2471b14c1f3cad_59cb2ed2332793029a00000b.wav,乌鲁木齐的天气,乌鲁木齐,五鲁木齐的天气
/Data/dataset/catslu_test/data/weather/audios/6894966d595146aad66ba3eb36ae51c4_59b0e8af33279375b6000033.wav,贵州省兴义市贞丰县,兴义市,贵州省新一市蹲峰县
/Data/dataset/catslu_test/data/weather/audios/816eff7d1778c134011efdccb947b3b5_59c38700332793034c00006a.wav,成都的天气如何,成都,成都的天气如何
/Data/dataset/catslu_test/data/weather/audios/3fb3a725cf62f4a02d47bb9061a452ce_59b7c0458827ad00d3000004.wav,珠海这几天有没有台风,珠海,朱凯这几天有没有台风
/Data/dataset/catslu_test/data/weather/audios/5cd5be1059d6a3ca5e6d0b89577cb6db_59b8e2d63327930c66000006.wav,青岛明天天气怎么样,青岛,青岛明天天气怎么样
/Data/dataset/catslu_test/data/weather/audios/fa08263de86be6866c18338d893cb687_59b1f8e03327930c6e000019.wav,九月十号的杭州天气,杭州,九月十号的杭州天气
/Data/dataset/catslu_test/data/weather/audios/b7df12f13e28a7e9b8bd3dd4040cc9d0_59aa473190ee6d021900000d.wav,北京的天气怎么样,北京,妈北京的天气怎么样
/Data/dataset/catslu_test/data/weather/audios/25732a9235dbd3455c45c3d6855dc07e_59afc0513327930c47000628.wav,北京天气,北京,给制天剂
/Data/dataset/catslu_test/data/weather/audios/4573641de80803e50fc8f94e794ce36e_59c716633327930c4c000048.wav,福州今天天气怎么样,福州,福州今天天气怎么样
/Data/dataset/catslu_test/data/weather/audios/f3dbdab7b09414b3a115dafa71d5f8c0_59af9f353327930c450000b2.wav,说一下今天上海的天气,上海,说一下今天上海的天气
/Data/dataset/catslu_test/data/weather/audios/8d0866b665c2eef5c7e818b802293e0a_59c60b293327930c430001bb.wav,成都天气怎么样,成都,真的天气怎么样
/Data/dataset/catslu_test/data/weather/audios/b913e936351b44a9fa745f85ed50f772_59b65bfb3327930c610002c2.wav,小乐小乐明天重庆的天气怎么样啊,重庆,那个止水搅了小浪明天重庆的天气怎么样啊
/Data/dataset/catslu_test/data/weather/audios/8bdce36c75b7265f76f04876602342f9_59c065f38827ad007c000065.wav,今天珠海天气怎么样,珠海,今天中海天气怎么样
/Data/dataset/catslu_test/data/weather/audios/82c582d48317f0ed024a40dd0fe6a480_59bc758090ee6d0219000007.wav,深圳天气怎么样,深圳,深圳天气怎么样
/Data/dataset/catslu_test/data/weather/audios/6dd384ab20dba5b33d54f9822a230862_59cce3e533279315f3000079.wav,上海天气怎么样,上海,上海天气怎么样
/Data/dataset/catslu_test/data/weather/audios/1607c248a4c2063efcb0336c51ef6626_59b022f98827ad007c000022.wav,明天昆明的天气怎么样,昆明,明天昆明的天气都没养
/Data/dataset/catslu_test/data/weather/audios/f2a2790365eae34ca2822762c32f91d9_59bcb1913327930db4000076.wav,上海的天气,上海,上海的天气
/Data/dataset/catslu_test/data/weather/audios/1ec590bd498668cfa6b7fd20ef1ec31f_59cb61113327930cba00000c.wav,北京今天天气怎么样,北京,北京今天天气怎么样
/Data/dataset/catslu_test/data/weather/audios/0bb7928176d82cd822fa401a44683c14_000001e78b6879003300002b.wav,广州天气如何,广州,广州天气如何
/Data/dataset/catslu_test/data/weather/audios/233229a32df9246ad79c3f2af8b4aa47_59af81cc3327930c4a0000da.wav,你接着说啊告诉我三亚的天气,三亚,你接着说呀告诉我三样的天气
/Data/dataset/catslu_test/data/weather/audios/4980aea5df37b0554123a0220de61ba4_59cc69f88827ad00ab000029.wav,重庆的天气怎么样,重庆,重庆的天气怎么样
/Data/dataset/catslu_test/data/weather/audios/4360ff5e9164dd5548d9810e2b549842_59a93697332793031900005e.wav,上海明天天气,上海,上海明天天气
/Data/dataset/catslu_test/data/weather/audios/ffdcf6a87088e66b123f781b1776e0c0_59bdfdc23327930db100003a.wav,福州今天天气怎么样啊,福州,福州今天天气怎么样啊
/Data/dataset/catslu_test/data/weather/audios/6e8a9d03497dc53da2095866acbabdc3_59cad4a58827ad00a5000009.wav,今天北京天气如何,北京,今天北京天气如何
/Data/dataset/catslu_test/data/weather/audios/a62a250fa404960fe1836a116626a586_59b23fa0332793029f000003.wav,深圳明天天气,深圳,深圳明天天起
/Data/dataset/catslu_test/data/weather/audios/9f473e07616935fd6e60d66fcc073a2d_59c48e793327930e08000023.wav,上海天气怎么样,上海,上海天气怎么样
/Data/dataset/catslu_test/data/weather/audios/c50bcb142ab6a8e6424a0ee6e91c2e62_59c86b22627fb70f24003861.wav,明天天津有雨吗,天津,明天天津有雨吗
/Data/dataset/catslu_test/data/weather/audios/7499dc7ea2f16e47633ed49cf2938c6e_59b12a243327930c5c000069.wav,你好小乐北京天气,北京,你好享乐被接天气啊
/Data/dataset/catslu_test/data/weather/audios/259a1abf1e214e55b1e8131aeceadf95_59bf3c91332793096f000019.wav,赤峰天气预报,赤峰,赤峰天气预报
/Data/dataset/catslu_test/data/weather/audios/361fc7a84cc9245d2d85db5f822de70f_w3f4409cw3f4409cw3f4409c.wav,深圳今天天气,深圳,深圳今天天气
/Data/dataset/catslu_test/data/weather/audios/361fc7a84cc9245d2d85db5f822de70f_6ad1e73b6ad1e73b6ad1e73b.wav,深圳今天天气,深圳,深圳今天天气
/Data/dataset/catslu_test/data/weather/audios/361fc7a84cc9245d2d85db5f822de70f_34e8da9234e8da9234e8da92.wav,武汉今天天气,武汉,武汉今天天气
/Data/dataset/catslu_test/data/weather/audios/361fc7a84cc9245d2d85db5f822de70f_59a04e0b59a04e0b59a04e0b.wav,黄冈今天天气,黄冈,黄刚今天天气
/Data/dataset/catslu_test/data/weather/audios/361fc7a84cc9245d2d85db5f822de70f_7effcdea7effcdea7effcdea.wav,石家庄今天天气,石家庄,石家庄今天天气
/Data/dataset/catslu_test/data/weather/audios/4a7ab4114a4ef98e69ce28fb210725ed_59aa146b33279302a5000003.wav,今天三明天气怎么样,三明,今天三名天气怎么样
/Data/dataset/catslu_test/data/weather/audios/3a9f4d4246eb860fbc9027004b205776_59a936973327930328000068.wav,上海明天天气,上海,下海的一些天气
/Data/dataset/catslu_test/data/weather/audios/7ec2154e8e2f0994afe90f07ee42a6af_59c0c62f90ee6d0219000006.wav,北京今天天气怎样,北京,左后北京今天天气怎样
/Data/dataset/catslu_test/data/weather/audios/e636bf7e5ca76afff334243b5cf54401_59cf6d093327930c44000038.wav,天气预报福州的天气预报,福州,天气预霸浮躁的天气预报
/Data/dataset/catslu_test/data/weather/audios/0f20f581d146f54a9f0de73ed93f29ba_59c267aa33279304bc000061.wav,济南,济南,杰娜
/Data/dataset/catslu_test/data/weather/audios/e837745e296b808b3ea26ef38dcad931_59b12a363327930c5c00006b.wav,可是我北京天气你好小乐,北京,我这次就因为我不可失失眠被接贴去啊城地答案啊你好小鹿
/Data/dataset/catslu_test/data/weather/audios/612542d68b6cdabeee12b8f79b3800eb_59bfc00a332793090100002e.wav,景德镇明天多少度,景德镇,景德镇明天多少度
/Data/dataset/catslu_test/data/weather/audios/633e49923fe4465f5f1e974961f0ab6a_59a91dcc3327930c68000175.wav,郑州天气怎样,郑州,你老得回来也把病正着天气怎样
/Data/dataset/catslu_test/data/weather/audios/4278f62e6c07f22ee1bed042f06cec88_59c7522f3327930ddd000284.wav,张家界天气,张家界,佳佳借天气
/Data/dataset/catslu_test/data/weather/audios/202f611fbdb10b1a5bfbe96261a3ab02_59b9b5948827ad00a5000039.wav,今天日本呃日本还有香港美国天气预报,香港,今天日本如果日本还有香港美国天气预报
